attribute_key,attribute_value,column_header,element_type,is_field,is_paragraph,is_sentence,is_table,key,row_header,section_heading,text
tot_amount,625.84,,sentence,False,False,True,False,,,,$625.84
tot_amount,625.84,,field,True,False,False,False,Total Due USD,,,$625.84
tot_amount,625.84,4,table,False,False,False,True,,column- 7,,$625.84
tot_amount,625.84,,table,False,False,False,True,,column- 7,,$625.84
sold_to,2349579,,field,True,False,False,False,Customer Acct,,JOHNSON CONTROLS,2349579
sold_to,2349579,,table,False,False,False,True,,Customer Acct:,JOHNSON CONTROLS,2349579
sold_to,2349579,,field,True,False,False,False,Customer Acct,,JOHNSON CONTROLS,2349579
sold_to,2349579,,table,False,False,False,True,,Customer Acct:,JOHNSON CONTROLS,2349579
po_num,AES007680,,field,True,False,False,False,PO # /Auth,,JOHNSON CONTROLS,AES007680
po_num,AES007680,,table,False,False,False,True,,PO # /Auth:,JOHNSON CONTROLS,AES007680
po_num,AES007680,,field,True,False,False,False,PO # /Auth,,JOHNSON CONTROLS,AES007680 Customer WO#
po_num,AES007680,,table,False,False,False,True,,PO # /Auth:,JOHNSON CONTROLS,AES007680
order_date,11/16/2018,,field,True,False,False,False,Proposal Date,,JOHNSON CONTROLS,11/16/2018
order_date,11/16/2018,,table,False,False,False,True,,Phone: 9198126906,JOHNSON CONTROLS,11/16/2018 Michael Herring
tax_amount,40.94,,field,True,False,False,False,Taxes,,,$40.94
tax_amount,40.94,4,table,False,False,False,True,,column- 6,,$40.94
tax_amount,40.94,,table,False,False,False,True,,column- 6,,$40.94
net_price,625.84,,sentence,False,False,True,False,,,,$625.84
net_price,625.84,,field,True,False,False,False,Total Due USD,,,$625.84
net_price,625.84,4,table,False,False,False,True,,column- 7,,$625.84
net_price,625.84,,table,False,False,False,True,,column- 7,,$625.84
unit_price,146.22,4,table,False,False,False,True,,column- 4,,$146.22
unit_ordered,4,,field,True,False,False,False,To Service Department,,,(866) 819- 0467
unit_ordered,4,,field,True,False,False,False,INVOICE#,,,1- 83604712999
unit_ordered,4,,sentence,False,False,True,False,,,,$625.84
unit_ordered,4,,field,True,False,False,False,Credit to,,Remit Payment To:,Johnson Controls Inc. ABA# 071- 000013 Depositor Acct # 55- 14347
unit_ordered,4,,field,True,False,False,False,Invoice #,,JOHNSON CONTROLS,1- 83604712999
unit_ordered,4,,field,True,False,False,False,Customer Acct,,JOHNSON CONTROLS,2349579
unit_ordered,4,,table,False,False,False,True,,Invoice # :,JOHNSON CONTROLS,1- 83604712999
unit_ordered,4,,table,False,False,False,True,,Customer Acct:,JOHNSON CONTROLS,2349579
unit_ordered,4,,sentence,False,False,True,False,,,JOHNSON CONTROLS,"We hereby certify that these goods are produced in compliance with all applicable requirements of sections 6, 7 and 12 of the Fair Labor Standards Act of 1938, as amended, and of regulations and orders of the Administrator of the Wage and Hour Division issued under section 14 thereof."
unit_ordered,4,,field,True,False,False,False,Invoice #,,JOHNSON CONTROLS,1- 83604712999
unit_ordered,4,,field,True,False,False,False,Customer Acct,,JOHNSON CONTROLS,2349579
unit_ordered,4,,table,False,False,False,True,,Invoice # :,JOHNSON CONTROLS,1- 83604712999
unit_ordered,4,,table,False,False,False,True,,Customer Acct:,JOHNSON CONTROLS,2349579
unit_ordered,4,,sentence,False,False,True,False,,,JOHNSON CONTROLS,1880 WAYCROSS RD CINCINNATI OH 45240
unit_ordered,4,,field,True,False,False,False,"As per approved quote, the following work was completed",,,Johnson Controls provided a Not To Exceed quote for up to 4 hrs of labor for a Service tech to diagnosis enable issues and ground faults on the ABB ACH550.
unit_ordered,4,,paragraph,False,True,False,False,,,,"As per approved quote, the following work was completed: Johnson Controls provided a Not To Exceed quote for up to 4 hrs of labor for a Service tech to diagnosis enable issues and ground faults on the ABB ACH550."
unit_ordered,4,,sentence,False,False,True,False,,,,Corrected â Invoice 1- 83506164665
unit_ordered,4,,field,True,False,False,False,Taxes,,,$40.94
unit_ordered,4,,field,True,False,False,False,Total Due USD,,,$625.84
unit_ordered,4,,field,True,False,False,False,Direct Billing Inquiries,,,(866) 819- 0467
unit_ordered,4,4,table,False,False,False,True,,column- 1,,4
unit_ordered,4,4,table,False,False,False,True,,column- 2,,12/14/2018 Regular Chiller Heavy
unit_ordered,4,4,table,False,False,False,True,,column- 4,,$146.22
unit_ordered,4,4,table,False,False,False,True,,column- 5,,$584.90
unit_ordered,4,,table,False,False,False,True,,column- 5,,$584.90
unit_ordered,4,4,table,False,False,False,True,,column- 6,,$40.94
unit_ordered,4,,table,False,False,False,True,,column- 6,,$40.94
unit_ordered,4,4,table,False,False,False,True,,column- 7,,$625.84
unit_ordered,4,,table,False,False,False,True,,column- 7,,$625.84
description,12/14/2018 Regular Chiller Heavy,4,table,False,False,False,True,,column- 2,,12/14/2018 Regular Chiller Heavy
tot_amount,"24,000.00",,sentence,False,False,True,False,,,Application and Certificate For Payment - - page 2,"24,000.00"
tot_amount,"24,000.00",,sentence,False,False,True,False,,,Application and Certificate For Payment - - page 2,"24,000.00"
tot_amount,"24,000.00","Subscribed and sworn to before me this _____ day of ____________, _________ (year). Notary public: _____________________________",table,False,False,False,True,,column- 3,,"24,000.00"
tot_amount,"24,000.00",,sentence,False,False,True,False,,,Invoice 40122*07,"24,000.00"
remit_address,"Jacobs 1880 Waycross Road Cincinnati, OH 45240",,sentence,False,False,True,False,,,Invoice 40122*07,"Jacobs 1880 Waycross Road Cincinnati, OH 45240"
sold_to,2532,,field,True,False,False,False,Customer No.,,Invoice 40122*07,2532
po_num,AES003539,,field,True,False,False,False,Contract No.,,Invoice 40122*07,AES003539 Customer PO
order_date,12/27/18,,field,True,False,False,False,Date,,Application and Certificate For Payment - - page 2,12/27/18
order_date,12/27/18,,field,True,False,False,False,Invoice Date,,,12/27/18
order_date,12/27/18,,field,True,False,False,False,Print Date,,Invoice 40122*07,12/27/18
tax_amount,0,,field,True,False,False,False,Contractors Job Number,,Application and Certificate For Payment - - page 2,40122
tax_amount,0,From (Contractor):,table,False,False,False,True,,Date: 12/27/18,Application and Certificate For Payment - - page 2,40122
tax_amount,0,,sentence,False,False,True,False,,,Application and Certificate For Payment - - page 2,01
tax_amount,0,,sentence,False,False,True,False,,,Application and Certificate For Payment - - page 2,"160,000.00"
tax_amount,0,,sentence,False,False,True,False,,,Application and Certificate For Payment - - page 2,"120,000.00"
tax_amount,0,,sentence,False,False,True,False,,,Application and Certificate For Payment - - page 2,"24,000.00"
tax_amount,0,,sentence,False,False,True,False,,,Application and Certificate For Payment - - page 2,0.00
tax_amount,0,,sentence,False,False,True,False,,,Application and Certificate For Payment - - page 2,"144,000 .00"
tax_amount,0,,sentence,False,False,True,False,,,Application and Certificate For Payment - - page 2,90.00
tax_amount,0,,sentence,False,False,True,False,,,Application and Certificate For Payment - - page 2,"16,000.00"
tax_amount,0,,sentence,False,False,True,False,,,Application and Certificate For Payment - - page 2,0.00
tax_amount,0,,sentence,False,False,True,False,,,Application and Certificate For Payment - - page 2,"160,000.00"
tax_amount,0,,sentence,False,False,True,False,,,Application and Certificate For Payment - - page 2,"120,000.00"
tax_amount,0,,sentence,False,False,True,False,,,Application and Certificate For Payment - - page 2,"24,000.00"
tax_amount,0,,sentence,False,False,True,False,,,Application and Certificate For Payment - - page 2,0.00
tax_amount,0,,sentence,False,False,True,False,,,Application and Certificate For Payment - - page 2,"144,000.00"
tax_amount,0,,sentence,False,False,True,False,,,Application and Certificate For Payment - - page 2,90.00
tax_amount,0,,sentence,False,False,True,False,,,Application and Certificate For Payment - - page 2,"16,000.00"
tax_amount,0,,sentence,False,False,True,False,,,Application and Certificate For Payment - - page 2,0.00
tax_amount,0,,field,True,False,False,False,To Owner,,,"Jacobs Cincinnati, 1880 Waycross"
tax_amount,0,,field,True,False,False,False,Date,,,12/27/2018
tax_amount,0,,field,True,False,False,False,(Contractor),,,"PO Box 3600 Silverside Road Wilmington, DE 19810"
tax_amount,0,,field,True,False,False,False,Number,,,40122
tax_amount,0,,field,True,False,False,False,Contract Date,,,05/18/18
tax_amount,0,,field,True,False,False,False,Phone,,,(302) 478- 4200
tax_amount,0,"Hatzel & Buehler, Inc. PO Box 7499 3600 Silverside Road Wilmington, DE 19810",table,False,False,False,True,,From (Contractor):,,"Hatzel & Buehler, Inc. PO Box 7499 3600 Silverside Road Wilmington, DE 19810"
tax_amount,0,Project No: 40122 Contract Date: 05/18/18,table,False,False,False,True,,From (Contractor):,,Project No: 40122 Contract Date: 05/18/18
tax_amount,0,"Hatzel & Buehler, Inc. PO Box 7499 3600 Silverside Road Wilmington, DE 19810",table,False,False,False,True,,Phone:,,(302) 478- 4200
tax_amount,0,"160,000.00",table,False,False,False,True,,Change Order Summary Additions Deductions,,"160,000.00"
tax_amount,0,"160,000.00",table,False,False,False,True,,Change orders approved in previous months by owner,,0.00
tax_amount,0,Change,table,False,False,False,True,,column- 5,,"160,000.00 144,000.00"
tax_amount,0,"The undersigned Contractor certifies that to the best of the Contractor's knowledge, information, and belief the work covered by this Application for Payment has been completed in accordance with the",table,False,False,False,True,,column- 3,,"144,000.00"
tax_amount,0,"Contract Documents, that all amounts have been paid by the Contractor for work for which previous Certificates for Payment were issued and payments received from the Owner, and that current payment shown herein is now due.",table,False,False,False,True,,column- 3,,"120,000.00"
tax_amount,0,"Subscribed and sworn to before me this _____ day of ____________, _________ (year). Notary public: _____________________________",table,False,False,False,True,,column- 3,,"24,000.00"
tax_amount,0,My commission expires ____________________ .,table,False,False,False,True,,column- 3,,"16,000.00"
tax_amount,0,,sentence,False,False,True,False,,,,0.0% of completed work 0.0% of stored material
tax_amount,0,,sentence,False,False,True,False,,,,0.00
tax_amount,0,,sentence,False,False,True,False,,,,0.00
tax_amount,0,,sentence,False,False,True,False,,,,0.00
tax_amount,0,,sentence,False,False,True,False,,,,0.000% of taxable amount A/P tax Current sales tax
tax_amount,0,,sentence,False,False,True,False,,,,0.00
tax_amount,0,,sentence,False,False,True,False,,,,0.00
tax_amount,0,,field,True,False,False,False,P,,,(740) 420- 3088
tax_amount,0,,field,True,False,False,False,Job,,Invoice 40122*07,"40122 GE- 2ppl support LOTO 1200 Jaybird Road Peebles, OH 45660"
tax_amount,0,,field,True,False,False,False,Contract No.,,Invoice 40122*07,AES003539 Customer PO
tax_amount,0,,field,True,False,False,False,Payment Terms,,Invoice 40122*07,"3.5%/15, Net 120"
tax_amount,0,-,table,False,False,False,True,,Revised Contract Amount,Invoice 40122*07,"160,000.00"
tax_amount,0,"144,000.00",table,False,False,False,True,,Total Completed and Stored to Date,Invoice 40122*07,"144,000.00"
tax_amount,0,"144,000.00",table,False,False,False,True,,Less Previous Certificate for Payment,Invoice 40122*07,"(120,000.00)"
tax_amount,0,,sentence,False,False,True,False,,,Invoice 40122*07,"Jacobs 1880 Waycross Road Cincinnati, OH 45240"
tax_amount,0,,sentence,False,False,True,False,,,Invoice 40122*07,"160,000.00"
tax_amount,0,,sentence,False,False,True,False,,,Invoice 40122*07,"24,000.00"
tax_amount,0,,sentence,False,False,True,False,,,Invoice 40122*07,"16,000.00"
net_price,"24,000.00",,sentence,False,False,True,False,,,Application and Certificate For Payment - - page 2,"24,000.00"
net_price,"24,000.00",,sentence,False,False,True,False,,,Application and Certificate For Payment - - page 2,"24,000.00"
net_price,"24,000.00","Subscribed and sworn to before me this _____ day of ____________, _________ (year). Notary public: _____________________________",table,False,False,False,True,,column- 3,,"24,000.00"
net_price,"24,000.00",,sentence,False,False,True,False,,,Invoice 40122*07,"24,000.00"
tot_amount,"6,345.00",,field,True,False,False,False,Subtotal,,,"6,345.00"
tot_amount,"6,345.00",AGE956A8657RW,table,False,False,False,True,,column- 7,,"6,345.00"
tot_amount,"6,345.00",,sentence,False,False,True,False,,,,"$6,345.00"
inv_num,94822,RYDER/COLLECT,table,False,False,False,True,,Invoice/Credit No.,,94822
tax_amount,0,,field,True,False,False,False,Subtotal,,,"6,345.00"
tax_amount,0,3 1/2% 15 NET 120,table,False,False,False,True,,column- 1,,3 1/2% 15 NET 120
tax_amount,0,3 1/2% 15 NET 120,table,False,False,False,True,,column- 5,,12/14/2018
tax_amount,0,3 1/2% 15 NET 120,table,False,False,False,True,,column- 6,,80635
tax_amount,0,RYDER/COLLECT,table,False,False,False,True,,Ship Date,,12/26/2018
tax_amount,0,RYDER/COLLECT,table,False,False,False,True,,Invoice/Credit Date,,12/26/2018
tax_amount,0,AGE956A8657RW,table,False,False,False,True,,column- 2,,CLEAN/REPAIR LEAP- 1B ENGINE BAG P/N 956A8657G02
tax_amount,0,AGE956A8657RW,table,False,False,False,True,,column- 5,,0
tax_amount,0,AGE956A8657RW,table,False,False,False,True,,column- 6,,423.00
tax_amount,0,AGE956A8657RW,table,False,False,False,True,,column- 7,,"6,345.00"
tax_amount,0,,sentence,False,False,True,False,,,,"1500 Spring Lawn Ave. Cincinnati, OH 45223 800- 444- 5464 - toll free 513- 541- 5440 - local 513- 541- 6555 - fax"
tax_amount,0,,sentence,False,False,True,False,,,,"17777 CH2M JACOBS ATTN ACCOUNTS PAYABLE 1880 WAYCROSS RD CINCINNATI, OH 45240"
tax_amount,0,,sentence,False,False,True,False,,,,"1200 JAYBIRD RD PEEBLES, OH 45660"
tax_amount,0,,sentence,False,False,True,False,,,,Tax 0.0% Freight
tax_amount,0,,sentence,False,False,True,False,,,,$0.00 $0.00
tax_amount,0,,sentence,False,False,True,False,,,,"$6,345.00"
net_price,"6,345.00",,field,True,False,False,False,Subtotal,,,"6,345.00"
net_price,"6,345.00",AGE956A8657RW,table,False,False,False,True,,column- 7,,"6,345.00"
net_price,"6,345.00",,sentence,False,False,True,False,,,,"$6,345.00"
unit_price,423,AGE956A8657RW,table,False,False,False,True,,column- 6,,423.00
unit_ordered,15,3 1/2% 15 NET 120,table,False,False,False,True,,column- 1,,3 1/2% 15 NET 120
unit_ordered,15,AGE956A8657RW,table,False,False,False,True,,column- 3,,15
unit_ordered,15,AGE956A8657RW,table,False,False,False,True,,column- 4,,15
unit_ordered,15,,sentence,False,False,True,False,,,,"1500 Spring Lawn Ave. Cincinnati, OH 45223 800- 444- 5464 - toll free 513- 541- 5440 - local 513- 541- 6555 - fax"
tot_amount,"2,800.00",,field,True,False,False,False,Total,,INVOICE,"2,800.00"
tot_amount,"2,800.00",,sentence,False,False,True,False,,,INVOICE,"2,800.00"
tot_amount,"2,800.00",,sentence,False,False,True,False,,,INVOICE,"2,800.00"
tot_amount,"2,800.00",,sentence,False,False,True,False,,,INVOICE,"2,800.00"
sold_to,30050011,,field,True,False,False,False,Customer #,,INVOICE,30050011
po_num,AES002160,,field,True,False,False,False,Purchase Order #,,INVOICE,AES002160
po_num,AES002160,Invoice Date: 21- Dec- 2018,table,False,False,False,True,,DUNS # :,INVOICE,Purchase Order # : AES002160
inv_num,11852780,,field,True,False,False,False,Invoice #,,INVOICE,11852780
net_price,"2,800.00",,field,True,False,False,False,Total,,INVOICE,"2,800.00"
net_price,"2,800.00",,sentence,False,False,True,False,,,INVOICE,"2,800.00"
net_price,"2,800.00",,sentence,False,False,True,False,,,INVOICE,"2,800.00"
net_price,"2,800.00",,sentence,False,False,True,False,,,INVOICE,"2,800.00"
unit_price,"2,800.00",,field,True,False,False,False,Total,,INVOICE,"2,800.00"
unit_price,"2,800.00",,sentence,False,False,True,False,,,INVOICE,"2,800.00"
unit_price,"2,800.00",,sentence,False,False,True,False,,,INVOICE,"2,800.00"
unit_price,"2,800.00",,sentence,False,False,True,False,,,INVOICE,"2,800.00"
unit_ordered,1,,field,True,False,False,False,Customer #,,INVOICE,30050011
unit_ordered,1,,field,True,False,False,False,Invoice #,,INVOICE,11852780
unit_ordered,1,,field,True,False,False,False,Payment Terms,,INVOICE,Net 120 Days
unit_ordered,1,,field,True,False,False,False,Invoice Date,,INVOICE,21- Dec- 2018
unit_ordered,1,,field,True,False,False,False,DUNS #,,INVOICE,02- 614- 6535
unit_ordered,1,,field,True,False,False,False,Purchase Order #,,INVOICE,AES002160
unit_ordered,1,,field,True,False,False,False,Order #,,INVOICE,17310674
unit_ordered,1,,field,True,False,False,False,Customer Care Group,,INVOICE,1- 800- 274- 9433 1- 401- 886- 2768 Fax
unit_ordered,1,,field,True,False,False,False,ATTN,,INVOICE,ACCOUNTS PAYABLE 1880 WAYCROSS ROAD geinvoices@jacobs.com CINCINNATI OH
unit_ordered,1,,field,True,False,False,False,Remit Check Payment To,,INVOICE,"Hexagon Metrology, Inc., Lockbox 771742, 1742 Solutions Center, Chicago, IL 60677- 1007"
unit_ordered,1,,field,True,False,False,False,Serial Number,,INVOICE,0617- 2025UA
unit_ordered,1,,field,True,False,False,False,FOR EFT PAYMENT,,INVOICE,"PNC Bank 5th & Woods Ave ABA NO. 043- 000 - 096 SWIFT PNCCUS33 (must include reference of invoice(s) paying Pittsburgh, PA 15265"
unit_ordered,1,,field,True,False,False,False,CREDIT TO,,INVOICE,"Hexagon Metrology, Inc ACCOUNT NO. 1011559904"
unit_ordered,1,Net 120 Days,table,False,False,False,True,,Payment Terms:,INVOICE,Net 120 Days
unit_ordered,1,Invoice Date: 21- Dec- 2018,table,False,False,False,True,,Payment Terms:,INVOICE,Invoice Date: 21- Dec- 2018
unit_ordered,1,Net 120 Days,table,False,False,False,True,,DUNS # :,INVOICE,02- 614- 6535
unit_ordered,1,Invoice Date: 21- Dec- 2018,table,False,False,False,True,,DUNS # :,INVOICE,Purchase Order # : AES002160
unit_ordered,1,Invoice Date: 21- Dec- 2018,table,False,False,False,True,,Corp Address # :,INVOICE,Order # : 17310674 Customer Care Group: 1- 800- 274- 9433
unit_ordered,1,Invoice Date: 21- Dec- 2018,table,False,False,False,True,,Bill To,INVOICE,Ship To 1- 401- 886- 2768 Fax
unit_ordered,1,"771742, 1742 Solutions Center, Chicago,",table,False,False,False,True,,"Remit Check Payment To: Hexagon Metrology, Inc., Lockbox",INVOICE,"771742, 1742 Solutions Center, Chicago,"
unit_ordered,1,IL 60677- 1007,table,False,False,False,True,,"Remit Check Payment To: Hexagon Metrology, Inc., Lockbox",INVOICE,IL 60677- 1007
unit_ordered,1,,sentence,False,False,True,False,,,INVOICE,LINDSEY CRUMP 119 MATRIX PKWY PIEDMONT SC 29673
unit_ordered,1,,sentence,False,False,True,False,,,INVOICE,"1 10360- 7.2001- VS ISO 10360- 7 .2001 5.3 VISION X,Y"
unit_ordered,1,,sentence,False,False,True,False,,,INVOICE,1.00
unit_ordered,1,,sentence,False,False,True,False,,,INVOICE,1.00
tot_amount,"2,095.00",,field,True,False,False,False,Original Contract Amount,,LINE ITEM# 1 - LINE STRIPING UNDER THE OVERHEAD PIPE FOR GEN 3,"2,095.00"
tot_amount,"2,095.00",,field,True,False,False,False,Revised Contract Amount,,LINE ITEM# 1 - LINE STRIPING UNDER THE OVERHEAD PIPE FOR GEN 3,"2,095.00"
tot_amount,"2,095.00",,field,True,False,False,False,Amt. Complete/Stored to Date,,LINE ITEM# 1 - LINE STRIPING UNDER THE OVERHEAD PIPE FOR GEN 3,"2,095.00"
tot_amount,"2,095.00",,field,True,False,False,False,Invoice Amount,,LINE ITEM# 1 - LINE STRIPING UNDER THE OVERHEAD PIPE FOR GEN 3,"2,095.00"
tot_amount,"2,095.00",,field,True,False,False,False,Amount Due This Invoice,,LINE ITEM# 1 - LINE STRIPING UNDER THE OVERHEAD PIPE FOR GEN 3,"2,095.00"
tot_amount,"2,095.00",,table,False,False,False,True,,column- 3,LINE ITEM# 1 - LINE STRIPING UNDER THE OVERHEAD PIPE FOR GEN 3,"2,095.00 0.00"
po_num,AN003462,,field,True,False,False,False,PO #,,,AN003462
po_num,AN003462,CINCINNATI OH,table,False,False,False,True,,INVOICE Invoice No: 233891 _ Date: 5/30/2018 Terms: 0/0 NET 30 Job: GE11414- C,,AN003462
inv_num,23389,,field,True,False,False,False,No,,,233891
inv_date,5/30/2018,,field,True,False,False,False,Date,,,5/30/2018
net_price,"2,095.00",,field,True,False,False,False,Original Contract Amount,,LINE ITEM# 1 - LINE STRIPING UNDER THE OVERHEAD PIPE FOR GEN 3,"2,095.00"
net_price,"2,095.00",,field,True,False,False,False,Revised Contract Amount,,LINE ITEM# 1 - LINE STRIPING UNDER THE OVERHEAD PIPE FOR GEN 3,"2,095.00"
net_price,"2,095.00",,field,True,False,False,False,Amt. Complete/Stored to Date,,LINE ITEM# 1 - LINE STRIPING UNDER THE OVERHEAD PIPE FOR GEN 3,"2,095.00"
net_price,"2,095.00",,field,True,False,False,False,Invoice Amount,,LINE ITEM# 1 - LINE STRIPING UNDER THE OVERHEAD PIPE FOR GEN 3,"2,095.00"
net_price,"2,095.00",,field,True,False,False,False,Amount Due This Invoice,,LINE ITEM# 1 - LINE STRIPING UNDER THE OVERHEAD PIPE FOR GEN 3,"2,095.00"
net_price,"2,095.00",,table,False,False,False,True,,column- 3,LINE ITEM# 1 - LINE STRIPING UNDER THE OVERHEAD PIPE FOR GEN 3,"2,095.00 0.00"
unit_price,"2,095.00",,field,True,False,False,False,Original Contract Amount,,LINE ITEM# 1 - LINE STRIPING UNDER THE OVERHEAD PIPE FOR GEN 3,"2,095.00"
unit_price,"2,095.00",,field,True,False,False,False,Revised Contract Amount,,LINE ITEM# 1 - LINE STRIPING UNDER THE OVERHEAD PIPE FOR GEN 3,"2,095.00"
unit_price,"2,095.00",,field,True,False,False,False,Amt. Complete/Stored to Date,,LINE ITEM# 1 - LINE STRIPING UNDER THE OVERHEAD PIPE FOR GEN 3,"2,095.00"
unit_price,"2,095.00",,field,True,False,False,False,Invoice Amount,,LINE ITEM# 1 - LINE STRIPING UNDER THE OVERHEAD PIPE FOR GEN 3,"2,095.00"
unit_price,"2,095.00",,field,True,False,False,False,Amount Due This Invoice,,LINE ITEM# 1 - LINE STRIPING UNDER THE OVERHEAD PIPE FOR GEN 3,"2,095.00"
unit_price,"2,095.00",,table,False,False,False,True,,column- 3,LINE ITEM# 1 - LINE STRIPING UNDER THE OVERHEAD PIPE FOR GEN 3,"2,095.00 0.00"
unit_ordered,1,,field,True,False,False,False,19713,,,", L41"
unit_ordered,1,,field,True,False,False,False,Date,,,5/30/2018
unit_ordered,1,,field,True,False,False,False,No,,,233891
unit_ordered,1,,field,True,False,False,False,Job,,,GE11414-
unit_ordered,1,,field,True,False,False,False,Bill To,,,"CH2M/Jacobs 1880 WAYCROSS ROAD, GE PROGRAM- 2ND FLOOR CINCINNATI"
unit_ordered,1,"1880 WAYCROSS ROAD,",table,False,False,False,True,,"Eastern Industrial Svcs, Inc. 401 Bellevue Road Newark DE 19713:",,"1880 WAYCROSS ROAD,"
unit_ordered,1,CINCINNATI OH,table,False,False,False,True,,"' , V . L41 g Y' 7 , ,' S : .J L T1 IL , Slug- 9: 10 Wang- 1 QWnIih'l",,45215 PO # :
unit_ordered,1,,field,True,False,False,False,PH,,LINE ITEM# 1 - LINE STRIPING UNDER THE OVERHEAD PIPE FOR GEN 3,(302) 4551400
unit_ordered,1,,field,True,False,False,False,FAX,,LINE ITEM# 1 - LINE STRIPING UNDER THE OVERHEAD PIPE FOR GEN 3,(302) 454- 9021
tot_amount,"2,000.00",,sentence,False,False,True,False,,,,"2,000.00"
tot_amount,"2,000.00",,sentence,False,False,True,False,,,,"$2,000.00"
sold_to,15905,,sentence,False,False,True,False,,,Inv0Ice,Account # 15905
po_num,AES000238,,sentence,False,False,True,False,,,,P.O. # AES000238
inv_date,12/21/2018,,sentence,False,False,True,False,,,,12/21/2018
net_price,"2,000.00",,sentence,False,False,True,False,,,,"2,000.00"
net_price,"2,000.00",,sentence,False,False,True,False,,,,"$2,000.00"
unit_price,"2,000.00",,sentence,False,False,True,False,,,,"2,000.00"
unit_price,"2,000.00",,sentence,False,False,True,False,,,,"$2,000.00"
tot_amount,139225,,field,True,False,False,False,Total,,Trivaco,139225.00 Invoice Total
tot_amount,139225,1,table,False,False,False,True,,Unit Price,Trivaco,139225.00
tot_amount,139225,1,table,False,False,False,True,,Amount,Trivaco,139225.00 139225.00 139225.00
sold_to,4711,EHT,table,False,False,False,True,,Cust #,Trivaco,4711
po_num,AES004939,,field,True,False,False,False,Ship To,,Trivaco,"GE 1 Nuemann Way Attn Carl Leugers POAES004939 Cincinnati, OH 45215"
po_num,AES004939,,field,True,False,False,False,Attn,,Trivaco,"Carl Leugers POAES004939 1 Nuemann Way Cincinnati, OH 45215"
po_num,AES004939,EHT,table,False,False,False,True,,Customer P.O .#,Trivaco,AES004939
inv_date,12/27/2018,Invoice Date,table,False,False,False,True,,column- 2,Trivaco,12/27/2018
order_date,08/07/2018,EHT,table,False,False,False,True,,Ordered,Trivaco,08/07/2018
net_price,139225,,field,True,False,False,False,Total,,Trivaco,139225.00 Invoice Total
net_price,139225,1,table,False,False,False,True,,Unit Price,Trivaco,139225.00
net_price,139225,1,table,False,False,False,True,,Amount,Trivaco,139225.00 139225.00 139225.00
unit_price,139225,,field,True,False,False,False,Total,,Trivaco,139225.00 Invoice Total
unit_price,139225,1,table,False,False,False,True,,Unit Price,Trivaco,139225.00
unit_price,139225,1,table,False,False,False,True,,Amount,Trivaco,139225.00 139225.00 139225.00
unit_ordered,1,,field,True,False,False,False,Tel,,Trivaco,859- 525- 9890 Fax 859- 525- 9891
unit_ordered,1,,field,True,False,False,False,Tel 859- 525- 9890 Fax,,Trivaco,859- 525- 9891
unit_ordered,1,,field,True,False,False,False,859- 525- 9890 Fax,,Trivaco,859- 525- 9891
unit_ordered,1,,field,True,False,False,False,Bill To,,Trivaco,"Jacobs (CH2MHill Engrs, Inc) 1880 Waycross Road Cincinnati, OH 45240"
unit_ordered,1,,field,True,False,False,False,Ship To,,Trivaco,"GE 1 Nuemann Way Attn Carl Leugers POAES004939 Cincinnati, OH 45215"
unit_ordered,1,,field,True,False,False,False,Attn,,Trivaco,"Carl Leugers POAES004939 1 Nuemann Way Cincinnati, OH 45215"
unit_ordered,1,,field,True,False,False,False,Total,,Trivaco,139225.00 Invoice Total
unit_ordered,1,Invoice Number,table,False,False,False,True,,column- 2,Trivaco,1069656- 00
unit_ordered,1,Invoice Date,table,False,False,False,True,,column- 2,Trivaco,12/27/2018
unit_ordered,1,Page,table,False,False,False,True,,column- 2,Trivaco,1of1
unit_ordered,1,EHT,table,False,False,False,True,,Cust #,Trivaco,4711
unit_ordered,1,EHT,table,False,False,False,True,,Ordered,Trivaco,08/07/2018
unit_ordered,1,EHT,table,False,False,False,True,,Shipped,Trivaco,12/20/2018
unit_ordered,1,EHT,table,False,False,False,True,,Terms,Trivaco,3.5%15 N120
unit_ordered,1,1,table,False,False,False,True,,Line,Trivaco,1
unit_ordered,1,1,table,False,False,False,True,,Ordered,Trivaco,1
unit_ordered,1,1,table,False,False,False,True,,Shipped,Trivaco,1
unit_ordered,1,1,table,False,False,False,True,,Unit Price,Trivaco,139225.00
unit_ordered,1,1,table,False,False,False,True,,Amount,Trivaco,139225.00 139225.00 139225.00
unit_ordered,1,,sentence,False,False,True,False,,,Trivaco,"Hebron,KY 41048"
unit_ordered,1,,sentence,False,False,True,False,,,Trivaco,"Tristate Valves & Controls, Inc. P.O . Box 695 Burlington, KY 41005"
unit_ordered,1,,sentence,False,False,True,False,,,Trivaco,Lines Total 1
unit_ordered,1,,sentence,False,False,True,False,,,Trivaco,1
description,"78"" HPBFV - EIM Assy butterfly valve",1,table,False,False,False,True,,Item # /Description/Comments,Trivaco,"NOTE: The valves below are rated 25 PSIG @ 640Â° F . . 78"" HPBFV - EIM Assy butterfly valve Total Invoice Total"
tot_amount,116.3,,sentence,False,False,True,False,,,CINTAS CORPORATION # 042,116.30
tot_amount,116.3,,field,True,False,False,False,Amount,,Customer: 15797- MIDDLE RIVER AIRCRAFT Si,$116.30 SinnerzTOM
sold_to,15798,BILL TO: CH2MHILL/Jacobs ATTN: AP,table,False,False,False,True,,column- 2,CINTAS CORPORATION # 042,D E2M4 CONTRACT NO. ACCOUNT NO. STOP SEQ DELIVERY CODE SOIL TKT CNT 18846 15798 3 W102000 R
po_num,AMR000294,,field,True,False,False,False,PO#,,CINTAS CORPORATION # 042,"AMR000294 CINCINNATI, OH 1 NEUMANN WAY"
po_num,AMR000294,PO# AMR000294,table,False,False,False,True,,column- 1,CINTAS CORPORATION # 042,PO# AMR000294
inv_num,42451567,BILL TO: CH2MHILL/Jacobs ATTN: AP,table,False,False,False,True,,column- 3,CINTAS CORPORATION # 042,042451567 INVOICE DATE 12/18/18
inv_date,12/18/18,BILL TO: CH2MHILL/Jacobs ATTN: AP,table,False,False,False,True,,column- 3,CINTAS CORPORATION # 042,042451567 INVOICE DATE 12/18/18
unit_ordered,1,,field,True,False,False,False,SHIP TO,,CINTAS CORPORATION # 042,"MIDDLE RIVER AIRCRAFT SYS 103 CHESAPEAKE PARK PLZ 21220- 4201 MIDDLE RIVER, MD"
unit_ordered,1,,field,True,False,False,False,PO#,,CINTAS CORPORATION # 042,"AMR000294 CINCINNATI, OH 1 NEUMANN WAY"
unit_ordered,1,,field,True,False,False,False,TERMS,,CINTAS CORPORATION # 042,1/10/19
unit_ordered,1,,field,True,False,False,False,CONTACT,,CINTAS CORPORATION # 042,LINDA POPP 410- 682- 1707
unit_ordered,1,103 CHESAPEAKE PARK PLZ,table,False,False,False,True,,column- 1,CINTAS CORPORATION # 042,103 CHESAPEAKE PARK PLZ
unit_ordered,1,"MIDDLE RIVER, MD 21220- 4201",table,False,False,False,True,,column- 1,CINTAS CORPORATION # 042,"MIDDLE RIVER, MD 21220- 4201"
unit_ordered,1,1 NEUMANN WAY,table,False,False,False,True,,column- 1,CINTAS CORPORATION # 042,1 NEUMANN WAY
unit_ordered,1,"CINCINNATI, OH 45215- 1915",table,False,False,False,True,,column- 1,CINTAS CORPORATION # 042,"CINCINNATI, OH 45215- 1915"
unit_ordered,1,"MIDDLE RIVER, MD 21220- 4201",table,False,False,False,True,,column- 2,CINTAS CORPORATION # 042,410- 633- 6400
unit_ordered,1,BILL TO: CH2MHILL/Jacobs ATTN: AP,table,False,False,False,True,,column- 2,CINTAS CORPORATION # 042,D E2M4 CONTRACT NO. ACCOUNT NO. STOP SEQ DELIVERY CODE SOIL TKT CNT 18846 15798 3 W102000 R
unit_ordered,1,1 NEUMANN WAY,table,False,False,False,True,,column- 2,CINTAS CORPORATION # 042,042 16 2 15797 SEE ADDRES
unit_ordered,1,,table,False,False,False,True,,column- 2,CINTAS CORPORATION # 042,CONTACT: LINDA POPP TAX CODE 410- 682- 1707 TAX EXEMPT
unit_ordered,1,BILL TO: CH2MHILL/Jacobs ATTN: AP,table,False,False,False,True,,column- 3,CINTAS CORPORATION # 042,042451567 INVOICE DATE 12/18/18
unit_ordered,1,1 NEUMANN WAY,table,False,False,False,True,,column- 3,CINTAS CORPORATION # 042,DUE 1/10/19
unit_ordered,1,,table,False,False,False,True,,column- 3,CINTAS CORPORATION # 042,1
unit_ordered,1,1,table,False,False,False,True,,LINE SOIL NO. CNT,CINTAS CORPORATION # 042,1
unit_ordered,1,4,table,False,False,False,True,,BB,CINTAS CORPORATION # 042,3X10
unit_ordered,1,2,table,False,False,False,True,,ITEM NO.,CINTAS CORPORATION # 042,10189
unit_ordered,1,3,table,False,False,False,True,,ITEM NO.,CINTAS CORPORATION # 042,10192
unit_ordered,1,4,table,False,False,False,True,,ITEM NO.,CINTAS CORPORATION # 042,10202
unit_ordered,1,5,table,False,False,False,True,,ITEM NO.,CINTAS CORPORATION # 042,84135
unit_ordered,1,6,table,False,False,False,True,,ITEM NO.,CINTAS CORPORATION # 042,1X 106
unit_ordered,1,6,table,False,False,False,True,,QUANTITY INVENTORY,CINTAS CORPORATION # 042,1
unit_ordered,1,1,table,False,False,False,True,, ,CINTAS CORPORATION # 042,1
unit_ordered,1,2,table,False,False,False,True,, ,CINTAS CORPORATION # 042,10
unit_ordered,1,5,table,False,False,False,True,, ,CINTAS CORPORATION # 042,10
unit_ordered,1,6,table,False,False,False,True,,QUANTITY INVOICED,CINTAS CORPORATION # 042,1
unit_ordered,1,1,table,False,False,False,True,,  ,CINTAS CORPORATION # 042,1
unit_ordered,1,2,table,False,False,False,True,,  ,CINTAS CORPORATION # 042,10
unit_ordered,1,5,table,False,False,False,True,,  ,CINTAS CORPORATION # 042,10
unit_ordered,1,5,table,False,False,False,True,,PRICE,CINTAS CORPORATION # 042,1.580
unit_ordered,1,6,table,False,False,False,True,,PRICE,CINTAS CORPORATION # 042,10.000
unit_ordered,1,3,table,False,False,False,True,,INVOICE T AMOUNT X,CINTAS CORPORATION # 042,14.00 N
unit_ordered,1,4,table,False,False,False,True,,INVOICE T AMOUNT X,CINTAS CORPORATION # 042,16.00 N
unit_ordered,1,5,table,False,False,False,True,,INVOICE T AMOUNT X,CINTAS CORPORATION # 042,15.80 N
unit_ordered,1,6,table,False,False,False,True,,INVOICE T AMOUNT X,CINTAS CORPORATION # 042,10.00 N
unit_ordered,1,,sentence,False,False,True,False,,,CINTAS CORPORATION # 042,"INVOICE TOTAL PLEASE LET US KNOW IF YOU DID NOT RECEIVE A RECEIPT FROM YOUR SSR ***PLEASE CALL 1- 844- 789- 7570, OUR TOLL- FREE CUSTOMER SERVICE NUMBER"
unit_ordered,1,,sentence,False,False,True,False,,,CINTAS CORPORATION # 042,116.30
unit_ordered,1,,field,True,False,False,False,Customer,,Customer: 15797- MIDDLE RIVER AIRCRAFT Si,15797- MIDDLE RIVER AIRCRAFT Si
unit_ordered,1,,field,True,False,False,False,Invoice #,,Customer: 15797- MIDDLE RIVER AIRCRAFT Si,451567
unit_ordered,1,,field,True,False,False,False,Amount,,Customer: 15797- MIDDLE RIVER AIRCRAFT Si,$116.30 SinnerzTOM
unit_ordered,1,,field,True,False,False,False,Date,,Customer: 15797- MIDDLE RIVER AIRCRAFT Si,12- 18- 2018 10 44 AR SinnerzTOM
tot_amount,"3,644.78",,sentence,False,False,True,False,,,,"$3,644.78"
ship_to,Middle River Aircraf,,field,True,False,False,False,SHIP TO,,,Middle River Aircraft
po_num,AMR001537,,field,True,False,False,False,P.O.NO.,,,AMR001537
po_num,AMR001537,AMR001537,table,False,False,False,True,,P.O.NO.,,AMR001537
inv_num,128109,,field,True,False,False,False,INVOICE #,,,128109
inv_num,128109,12/27/2018,table,False,False,False,True,,INVOICE #,,128109
inv_date,12/27/2018,,field,True,False,False,False,DATE,,,12/27/2018
inv_date,12/27/2018,12/27/2018,table,False,False,False,True,,DATE,,12/27/2018
order_date,12/20/2018,,field,True,False,False,False,SERVICE DATE,,,12/20/2018
order_date,12/20/2018,AMR001537,table,False,False,False,True,,SERVICE DATE,,12/20/2018
tax_amount,168.78,,field,True,False,False,False,Sales Tax (6.0%),,,$168.78
net_price,662.95,,sentence,False,False,True,False,,,,662.95
net_price,662.95,,sentence,False,False,True,False,,,,662.95
unit_price,662.95,,sentence,False,False,True,False,,,,662.95
unit_price,662.95,,sentence,False,False,True,False,,,,662.95
description,Total Cost- Labor,,sentence,False,False,True,False,,,,Total Cost- Labor
tot_amount,"3,644.78",,sentence,False,False,True,False,,,,"$3,644.78"
ship_to,Middle River Aircraf,,field,True,False,False,False,SHIP TO,,,Middle River Aircraft
po_num,AMR001537,,field,True,False,False,False,P.O.NO.,,,AMR001537
po_num,AMR001537,AMR001537,table,False,False,False,True,,P.O.NO.,,AMR001537
inv_num,128109,,field,True,False,False,False,INVOICE #,,,128109
inv_num,128109,12/27/2018,table,False,False,False,True,,INVOICE #,,128109
inv_date,12/27/2018,,field,True,False,False,False,DATE,,,12/27/2018
inv_date,12/27/2018,12/27/2018,table,False,False,False,True,,DATE,,12/27/2018
order_date,12/20/2018,,field,True,False,False,False,SERVICE DATE,,,12/20/2018
order_date,12/20/2018,AMR001537,table,False,False,False,True,,SERVICE DATE,,12/20/2018
tax_amount,168.78,,field,True,False,False,False,Sales Tax (6.0%),,,$168.78
net_price,662.95,,sentence,False,False,True,False,,,,662.95
net_price,662.95,,sentence,False,False,True,False,,,,662.95
unit_price,662.95,,sentence,False,False,True,False,,,,662.95
unit_price,662.95,,sentence,False,False,True,False,,,,662.95
description,Total Cost- Labor,,sentence,False,False,True,False,,,,Total Cost- Labor
tax_amount,168.78,,field,True,False,False,False,Sales Tax (6.0%),,,$168.78
net_price,"2,813.0",,sentence,False,False,True,False,,,,"2,813.05"
net_price,"2,813.0",,sentence,False,False,True,False,,,,"2,813.05T"
unit_price,"2,813.0",,sentence,False,False,True,False,,,,"2,813.05"
unit_price,"2,813.0",,sentence,False,False,True,False,,,,"2,813.05T"
description,Total Cost- Material,,sentence,False,False,True,False,,,,Total Cost- Material
tot_amount,116.3,,sentence,False,False,True,False,,,CINTAS CORPORATION # 042,116.30
tot_amount,116.3,,field,True,False,False,False,Amount,,Customer: 15797- MIDDLE RIVER AIRCRAFT Si,$116.30 SinnerzTOM
sold_to,15798,BILL TO: CH2MHILL/Jacobs ATTN: AP,table,False,False,False,True,,column- 2,CINTAS CORPORATION # 042,D E2M4 CONTRACT NO. ACCOUNT NO. STOP SEQ DELIVERY CODE SOIL TKT CNT 18846 15798 3 W102000 R
po_num,AMR000294,,field,True,False,False,False,PO#,,CINTAS CORPORATION # 042,"AMR000294 CINCINNATI, OH 1 NEUMANN WAY"
po_num,AMR000294,PO# AMR000294,table,False,False,False,True,,column- 1,CINTAS CORPORATION # 042,PO# AMR000294
inv_num,42451567,BILL TO: CH2MHILL/Jacobs ATTN: AP,table,False,False,False,True,,column- 3,CINTAS CORPORATION # 042,042451567 INVOICE DATE 12/18/18
inv_date,12/18/18,BILL TO: CH2MHILL/Jacobs ATTN: AP,table,False,False,False,True,,column- 3,CINTAS CORPORATION # 042,042451567 INVOICE DATE 12/18/18
unit_ordered,1,,field,True,False,False,False,SHIP TO,,CINTAS CORPORATION # 042,"MIDDLE RIVER AIRCRAFT SYS 103 CHESAPEAKE PARK PLZ 21220- 4201 MIDDLE RIVER, MD"
unit_ordered,1,,field,True,False,False,False,PO#,,CINTAS CORPORATION # 042,"AMR000294 CINCINNATI, OH 1 NEUMANN WAY"
unit_ordered,1,,field,True,False,False,False,TERMS,,CINTAS CORPORATION # 042,1/10/19
unit_ordered,1,,field,True,False,False,False,CONTACT,,CINTAS CORPORATION # 042,LINDA POPP 410- 682- 1707
unit_ordered,1,103 CHESAPEAKE PARK PLZ,table,False,False,False,True,,column- 1,CINTAS CORPORATION # 042,103 CHESAPEAKE PARK PLZ
unit_ordered,1,"MIDDLE RIVER, MD 21220- 4201",table,False,False,False,True,,column- 1,CINTAS CORPORATION # 042,"MIDDLE RIVER, MD 21220- 4201"
unit_ordered,1,1 NEUMANN WAY,table,False,False,False,True,,column- 1,CINTAS CORPORATION # 042,1 NEUMANN WAY
unit_ordered,1,"CINCINNATI, OH 45215- 1915",table,False,False,False,True,,column- 1,CINTAS CORPORATION # 042,"CINCINNATI, OH 45215- 1915"
unit_ordered,1,"MIDDLE RIVER, MD 21220- 4201",table,False,False,False,True,,column- 2,CINTAS CORPORATION # 042,410- 633- 6400
unit_ordered,1,BILL TO: CH2MHILL/Jacobs ATTN: AP,table,False,False,False,True,,column- 2,CINTAS CORPORATION # 042,D E2M4 CONTRACT NO. ACCOUNT NO. STOP SEQ DELIVERY CODE SOIL TKT CNT 18846 15798 3 W102000 R
unit_ordered,1,1 NEUMANN WAY,table,False,False,False,True,,column- 2,CINTAS CORPORATION # 042,042 16 2 15797 SEE ADDRES
unit_ordered,1,,table,False,False,False,True,,column- 2,CINTAS CORPORATION # 042,CONTACT: LINDA POPP TAX CODE 410- 682- 1707 TAX EXEMPT
unit_ordered,1,BILL TO: CH2MHILL/Jacobs ATTN: AP,table,False,False,False,True,,column- 3,CINTAS CORPORATION # 042,042451567 INVOICE DATE 12/18/18
unit_ordered,1,1 NEUMANN WAY,table,False,False,False,True,,column- 3,CINTAS CORPORATION # 042,DUE 1/10/19
unit_ordered,1,,table,False,False,False,True,,column- 3,CINTAS CORPORATION # 042,1
unit_ordered,1,1,table,False,False,False,True,,LINE SOIL NO. CNT,CINTAS CORPORATION # 042,1
unit_ordered,1,4,table,False,False,False,True,,BB,CINTAS CORPORATION # 042,3X10
unit_ordered,1,2,table,False,False,False,True,,ITEM NO.,CINTAS CORPORATION # 042,10189
unit_ordered,1,3,table,False,False,False,True,,ITEM NO.,CINTAS CORPORATION # 042,10192
unit_ordered,1,4,table,False,False,False,True,,ITEM NO.,CINTAS CORPORATION # 042,10202
unit_ordered,1,5,table,False,False,False,True,,ITEM NO.,CINTAS CORPORATION # 042,84135
unit_ordered,1,6,table,False,False,False,True,,ITEM NO.,CINTAS CORPORATION # 042,1X 106
unit_ordered,1,6,table,False,False,False,True,,QUANTITY INVENTORY,CINTAS CORPORATION # 042,1
unit_ordered,1,1,table,False,False,False,True,, ,CINTAS CORPORATION # 042,1
unit_ordered,1,2,table,False,False,False,True,, ,CINTAS CORPORATION # 042,10
unit_ordered,1,5,table,False,False,False,True,, ,CINTAS CORPORATION # 042,10
unit_ordered,1,6,table,False,False,False,True,,QUANTITY INVOICED,CINTAS CORPORATION # 042,1
unit_ordered,1,1,table,False,False,False,True,,  ,CINTAS CORPORATION # 042,1
unit_ordered,1,2,table,False,False,False,True,,  ,CINTAS CORPORATION # 042,10
unit_ordered,1,5,table,False,False,False,True,,  ,CINTAS CORPORATION # 042,10
unit_ordered,1,5,table,False,False,False,True,,PRICE,CINTAS CORPORATION # 042,1.580
unit_ordered,1,6,table,False,False,False,True,,PRICE,CINTAS CORPORATION # 042,10.000
unit_ordered,1,3,table,False,False,False,True,,INVOICE T AMOUNT X,CINTAS CORPORATION # 042,14.00 N
unit_ordered,1,4,table,False,False,False,True,,INVOICE T AMOUNT X,CINTAS CORPORATION # 042,16.00 N
unit_ordered,1,5,table,False,False,False,True,,INVOICE T AMOUNT X,CINTAS CORPORATION # 042,15.80 N
unit_ordered,1,6,table,False,False,False,True,,INVOICE T AMOUNT X,CINTAS CORPORATION # 042,10.00 N
unit_ordered,1,,sentence,False,False,True,False,,,CINTAS CORPORATION # 042,"INVOICE TOTAL PLEASE LET US KNOW IF YOU DID NOT RECEIVE A RECEIPT FROM YOUR SSR ***PLEASE CALL 1- 844- 789- 7570, OUR TOLL- FREE CUSTOMER SERVICE NUMBER"
unit_ordered,1,,sentence,False,False,True,False,,,CINTAS CORPORATION # 042,116.30
unit_ordered,1,,field,True,False,False,False,Customer,,Customer: 15797- MIDDLE RIVER AIRCRAFT Si,15797- MIDDLE RIVER AIRCRAFT Si
unit_ordered,1,,field,True,False,False,False,Invoice #,,Customer: 15797- MIDDLE RIVER AIRCRAFT Si,451567
unit_ordered,1,,field,True,False,False,False,Amount,,Customer: 15797- MIDDLE RIVER AIRCRAFT Si,$116.30 SinnerzTOM
unit_ordered,1,,field,True,False,False,False,Date,,Customer: 15797- MIDDLE RIVER AIRCRAFT Si,12- 18- 2018 10 44 AR SinnerzTOM
net_price,60,2,table,False,False,False,True,,INVOICE T AMOUNT X,CINTAS CORPORATION # 042,60.00 N
unit_price,6,,field,True,False,False,False,REMIT TO,,CINTAS CORPORATION # 042,"CINTAS CORPORATION # 042 P.O. BOX 630803 Cincinnati, OH 45263- 0803"
unit_price,6,,field,True,False,False,False,CONTACT,,CINTAS CORPORATION # 042,LINDA POPP 410- 682- 1707
unit_price,6,SHIP TO: MIDDLE RIVER AIRCRAFT SYS,table,False,False,False,True,,column- 2,CINTAS CORPORATION # 042,"P.O. BOX 630803 Cincinnati, OH 45263- 0803"
unit_price,6,"MIDDLE RIVER, MD 21220- 4201",table,False,False,False,True,,column- 2,CINTAS CORPORATION # 042,410- 633- 6400
unit_price,6,BILL TO: CH2MHILL/Jacobs ATTN: AP,table,False,False,False,True,,column- 2,CINTAS CORPORATION # 042,D E2M4 CONTRACT NO. ACCOUNT NO. STOP SEQ DELIVERY CODE SOIL TKT CNT 18846 15798 3 W102000 R
unit_price,6,1 NEUMANN WAY,table,False,False,False,True,,column- 2,CINTAS CORPORATION # 042,042 16 2 15797 SEE ADDRES
unit_price,6,,table,False,False,False,True,,column- 2,CINTAS CORPORATION # 042,CONTACT: LINDA POPP TAX CODE 410- 682- 1707 TAX EXEMPT
unit_price,6,BILL TO: CH2MHILL/Jacobs ATTN: AP,table,False,False,False,True,,column- 3,CINTAS CORPORATION # 042,042451567 INVOICE DATE 12/18/18
unit_price,6,6,table,False,False,False,True,,LINE SOIL NO. CNT,CINTAS CORPORATION # 042,6
unit_price,6,3,table,False,False,False,True,,BB,CINTAS CORPORATION # 042,4X6
unit_price,6,6,table,False,False,False,True,,ITEM NO.,CINTAS CORPORATION # 042,1X 106
unit_price,6,2,table,False,False,False,True,,PRICE,CINTAS CORPORATION # 042,6.000
unit_price,6,2,table,False,False,False,True,,INVOICE T AMOUNT X,CINTAS CORPORATION # 042,60.00 N
unit_price,6,4,table,False,False,False,True,,INVOICE T AMOUNT X,CINTAS CORPORATION # 042,16.00 N
unit_price,6,,sentence,False,False,True,False,,,CINTAS CORPORATION # 042,116.30
unit_price,6,,field,True,False,False,False,Invoice #,,Customer: 15797- MIDDLE RIVER AIRCRAFT Si,451567
unit_price,6,,field,True,False,False,False,Amount,,Customer: 15797- MIDDLE RIVER AIRCRAFT Si,$116.30 SinnerzTOM
unit_ordered,10,,field,True,False,False,False,SHIP TO,,CINTAS CORPORATION # 042,"MIDDLE RIVER AIRCRAFT SYS 103 CHESAPEAKE PARK PLZ 21220- 4201 MIDDLE RIVER, MD"
unit_ordered,10,,field,True,False,False,False,TERMS,,CINTAS CORPORATION # 042,1/10/19
unit_ordered,10,,field,True,False,False,False,CONTACT,,CINTAS CORPORATION # 042,LINDA POPP 410- 682- 1707
unit_ordered,10,103 CHESAPEAKE PARK PLZ,table,False,False,False,True,,column- 1,CINTAS CORPORATION # 042,103 CHESAPEAKE PARK PLZ
unit_ordered,10,"MIDDLE RIVER, MD 21220- 4201",table,False,False,False,True,,column- 2,CINTAS CORPORATION # 042,410- 633- 6400
unit_ordered,10,BILL TO: CH2MHILL/Jacobs ATTN: AP,table,False,False,False,True,,column- 2,CINTAS CORPORATION # 042,D E2M4 CONTRACT NO. ACCOUNT NO. STOP SEQ DELIVERY CODE SOIL TKT CNT 18846 15798 3 W102000 R
unit_ordered,10,,table,False,False,False,True,,column- 2,CINTAS CORPORATION # 042,CONTACT: LINDA POPP TAX CODE 410- 682- 1707 TAX EXEMPT
unit_ordered,10,1 NEUMANN WAY,table,False,False,False,True,,column- 3,CINTAS CORPORATION # 042,DUE 1/10/19
unit_ordered,10,4,table,False,False,False,True,,BB,CINTAS CORPORATION # 042,3X10
unit_ordered,10,2,table,False,False,False,True,,ITEM NO.,CINTAS CORPORATION # 042,10189
unit_ordered,10,3,table,False,False,False,True,,ITEM NO.,CINTAS CORPORATION # 042,10192
unit_ordered,10,4,table,False,False,False,True,,ITEM NO.,CINTAS CORPORATION # 042,10202
unit_ordered,10,6,table,False,False,False,True,,ITEM NO.,CINTAS CORPORATION # 042,1X 106
unit_ordered,10,2,table,False,False,False,True,, ,CINTAS CORPORATION # 042,10
unit_ordered,10,5,table,False,False,False,True,, ,CINTAS CORPORATION # 042,10
unit_ordered,10,2,table,False,False,False,True,,  ,CINTAS CORPORATION # 042,10
unit_ordered,10,5,table,False,False,False,True,,  ,CINTAS CORPORATION # 042,10
unit_ordered,10,6,table,False,False,False,True,,PRICE,CINTAS CORPORATION # 042,10.000
unit_ordered,10,6,table,False,False,False,True,,INVOICE T AMOUNT X,CINTAS CORPORATION # 042,10.00 N
unit_ordered,10,,field,True,False,False,False,Date,,Customer: 15797- MIDDLE RIVER AIRCRAFT Si,12- 18- 2018 10 44 AR SinnerzTOM
net_price,14,3,table,False,False,False,True,,INVOICE T AMOUNT X,CINTAS CORPORATION # 042,14.00 N
unit_price,7,,field,True,False,False,False,CONTACT,,CINTAS CORPORATION # 042,LINDA POPP 410- 682- 1707
unit_price,7,BILL TO: CH2MHILL/Jacobs ATTN: AP,table,False,False,False,True,,column- 2,CINTAS CORPORATION # 042,D E2M4 CONTRACT NO. ACCOUNT NO. STOP SEQ DELIVERY CODE SOIL TKT CNT 18846 15798 3 W102000 R
unit_price,7,1 NEUMANN WAY,table,False,False,False,True,,column- 2,CINTAS CORPORATION # 042,042 16 2 15797 SEE ADDRES
unit_price,7,,table,False,False,False,True,,column- 2,CINTAS CORPORATION # 042,CONTACT: LINDA POPP TAX CODE 410- 682- 1707 TAX EXEMPT
unit_price,7,BILL TO: CH2MHILL/Jacobs ATTN: AP,table,False,False,False,True,,column- 3,CINTAS CORPORATION # 042,042451567 INVOICE DATE 12/18/18
unit_price,7,1,table,False,False,False,True,,ITEM NO.,CINTAS CORPORATION # 042,2477
unit_price,7,3,table,False,False,False,True,,PRICE,CINTAS CORPORATION # 042,7.000
unit_price,7,,sentence,False,False,True,False,,,CINTAS CORPORATION # 042,"INVOICE TOTAL PLEASE LET US KNOW IF YOU DID NOT RECEIVE A RECEIPT FROM YOUR SSR ***PLEASE CALL 1- 844- 789- 7570, OUR TOLL- FREE CUSTOMER SERVICE NUMBER"
unit_price,7,,field,True,False,False,False,Customer,,Customer: 15797- MIDDLE RIVER AIRCRAFT Si,15797- MIDDLE RIVER AIRCRAFT Si
unit_price,7,,field,True,False,False,False,Invoice #,,Customer: 15797- MIDDLE RIVER AIRCRAFT Si,451567
unit_ordered,2,,field,True,False,False,False,REMIT TO,,CINTAS CORPORATION # 042,"CINTAS CORPORATION # 042 P.O. BOX 630803 Cincinnati, OH 45263- 0803"
unit_ordered,2,,field,True,False,False,False,SHIP TO,,CINTAS CORPORATION # 042,"MIDDLE RIVER AIRCRAFT SYS 103 CHESAPEAKE PARK PLZ 21220- 4201 MIDDLE RIVER, MD"
unit_ordered,2,,field,True,False,False,False,PO#,,CINTAS CORPORATION # 042,"AMR000294 CINCINNATI, OH 1 NEUMANN WAY"
unit_ordered,2,,field,True,False,False,False,CONTACT,,CINTAS CORPORATION # 042,LINDA POPP 410- 682- 1707
unit_ordered,2,"MIDDLE RIVER, MD 21220- 4201",table,False,False,False,True,,column- 1,CINTAS CORPORATION # 042,"MIDDLE RIVER, MD 21220- 4201"
unit_ordered,2,BILL TO: CH2MHILL/Jacobs ATTN: AP,table,False,False,False,True,,column- 1,CINTAS CORPORATION # 042,BILL TO: CH2MHILL/Jacobs ATTN: AP
unit_ordered,2,PO# AMR000294,table,False,False,False,True,,column- 1,CINTAS CORPORATION # 042,PO# AMR000294
unit_ordered,2,"CINCINNATI, OH 45215- 1915",table,False,False,False,True,,column- 1,CINTAS CORPORATION # 042,"CINCINNATI, OH 45215- 1915"
unit_ordered,2,SHIP TO: MIDDLE RIVER AIRCRAFT SYS,table,False,False,False,True,,column- 2,CINTAS CORPORATION # 042,"P.O. BOX 630803 Cincinnati, OH 45263- 0803"
unit_ordered,2,BILL TO: CH2MHILL/Jacobs ATTN: AP,table,False,False,False,True,,column- 2,CINTAS CORPORATION # 042,D E2M4 CONTRACT NO. ACCOUNT NO. STOP SEQ DELIVERY CODE SOIL TKT CNT 18846 15798 3 W102000 R
unit_ordered,2,1 NEUMANN WAY,table,False,False,False,True,,column- 2,CINTAS CORPORATION # 042,042 16 2 15797 SEE ADDRES
unit_ordered,2,,table,False,False,False,True,,column- 2,CINTAS CORPORATION # 042,CONTACT: LINDA POPP TAX CODE 410- 682- 1707 TAX EXEMPT
unit_ordered,2,BILL TO: CH2MHILL/Jacobs ATTN: AP,table,False,False,False,True,,column- 3,CINTAS CORPORATION # 042,042451567 INVOICE DATE 12/18/18
unit_ordered,2,2,table,False,False,False,True,,LINE SOIL NO. CNT,CINTAS CORPORATION # 042,2
unit_ordered,2,5,table,False,False,False,True,,BB,CINTAS CORPORATION # 042,2X3
unit_ordered,2,1,table,False,False,False,True,,ITEM NO.,CINTAS CORPORATION # 042,2477
unit_ordered,2,3,table,False,False,False,True,,ITEM NO.,CINTAS CORPORATION # 042,10192
unit_ordered,2,4,table,False,False,False,True,,ITEM NO.,CINTAS CORPORATION # 042,10202
unit_ordered,2,3,table,False,False,False,True,, ,CINTAS CORPORATION # 042,2
unit_ordered,2,4,table,False,False,False,True,, ,CINTAS CORPORATION # 042,2
unit_ordered,2,3,table,False,False,False,True,,  ,CINTAS CORPORATION # 042,2
unit_ordered,2,4,table,False,False,False,True,,  ,CINTAS CORPORATION # 042,2
unit_ordered,2,,field,True,False,False,False,Date,,Customer: 15797- MIDDLE RIVER AIRCRAFT Si,12- 18- 2018 10 44 AR SinnerzTOM
net_price,16,1 NEUMANN WAY,table,False,False,False,True,,column- 2,CINTAS CORPORATION # 042,042 16 2 15797 SEE ADDRES
net_price,16,4,table,False,False,False,True,,INVOICE T AMOUNT X,CINTAS CORPORATION # 042,16.00 N
net_price,16,,sentence,False,False,True,False,,,CINTAS CORPORATION # 042,116.30
net_price,16,,field,True,False,False,False,Amount,,Customer: 15797- MIDDLE RIVER AIRCRAFT Si,$116.30 SinnerzTOM
unit_price,8,,field,True,False,False,False,REMIT TO,,CINTAS CORPORATION # 042,"CINTAS CORPORATION # 042 P.O. BOX 630803 Cincinnati, OH 45263- 0803"
unit_price,8,,field,True,False,False,False,CONTACT,,CINTAS CORPORATION # 042,LINDA POPP 410- 682- 1707
unit_price,8,SHIP TO: MIDDLE RIVER AIRCRAFT SYS,table,False,False,False,True,,column- 2,CINTAS CORPORATION # 042,"P.O. BOX 630803 Cincinnati, OH 45263- 0803"
unit_price,8,BILL TO: CH2MHILL/Jacobs ATTN: AP,table,False,False,False,True,,column- 2,CINTAS CORPORATION # 042,D E2M4 CONTRACT NO. ACCOUNT NO. STOP SEQ DELIVERY CODE SOIL TKT CNT 18846 15798 3 W102000 R
unit_price,8,,table,False,False,False,True,,column- 2,CINTAS CORPORATION # 042,CONTACT: LINDA POPP TAX CODE 410- 682- 1707 TAX EXEMPT
unit_price,8,BILL TO: CH2MHILL/Jacobs ATTN: AP,table,False,False,False,True,,column- 3,CINTAS CORPORATION # 042,042451567 INVOICE DATE 12/18/18
unit_price,8,2,table,False,False,False,True,,ITEM NO.,CINTAS CORPORATION # 042,10189
unit_price,8,5,table,False,False,False,True,,ITEM NO.,CINTAS CORPORATION # 042,84135
unit_price,8,4,table,False,False,False,True,,PRICE,CINTAS CORPORATION # 042,8.000
unit_price,8,5,table,False,False,False,True,,PRICE,CINTAS CORPORATION # 042,1.580
unit_price,8,5,table,False,False,False,True,,INVOICE T AMOUNT X,CINTAS CORPORATION # 042,15.80 N
unit_price,8,,sentence,False,False,True,False,,,CINTAS CORPORATION # 042,"INVOICE TOTAL PLEASE LET US KNOW IF YOU DID NOT RECEIVE A RECEIPT FROM YOUR SSR ***PLEASE CALL 1- 844- 789- 7570, OUR TOLL- FREE CUSTOMER SERVICE NUMBER"
unit_price,8,,field,True,False,False,False,Date,,Customer: 15797- MIDDLE RIVER AIRCRAFT Si,12- 18- 2018 10 44 AR SinnerzTOM
unit_ordered,2,,field,True,False,False,False,REMIT TO,,CINTAS CORPORATION # 042,"CINTAS CORPORATION # 042 P.O. BOX 630803 Cincinnati, OH 45263- 0803"
unit_ordered,2,,field,True,False,False,False,SHIP TO,,CINTAS CORPORATION # 042,"MIDDLE RIVER AIRCRAFT SYS 103 CHESAPEAKE PARK PLZ 21220- 4201 MIDDLE RIVER, MD"
unit_ordered,2,,field,True,False,False,False,PO#,,CINTAS CORPORATION # 042,"AMR000294 CINCINNATI, OH 1 NEUMANN WAY"
unit_ordered,2,,field,True,False,False,False,CONTACT,,CINTAS CORPORATION # 042,LINDA POPP 410- 682- 1707
unit_ordered,2,"MIDDLE RIVER, MD 21220- 4201",table,False,False,False,True,,column- 1,CINTAS CORPORATION # 042,"MIDDLE RIVER, MD 21220- 4201"
unit_ordered,2,BILL TO: CH2MHILL/Jacobs ATTN: AP,table,False,False,False,True,,column- 1,CINTAS CORPORATION # 042,BILL TO: CH2MHILL/Jacobs ATTN: AP
unit_ordered,2,PO# AMR000294,table,False,False,False,True,,column- 1,CINTAS CORPORATION # 042,PO# AMR000294
unit_ordered,2,"CINCINNATI, OH 45215- 1915",table,False,False,False,True,,column- 1,CINTAS CORPORATION # 042,"CINCINNATI, OH 45215- 1915"
unit_ordered,2,SHIP TO: MIDDLE RIVER AIRCRAFT SYS,table,False,False,False,True,,column- 2,CINTAS CORPORATION # 042,"P.O. BOX 630803 Cincinnati, OH 45263- 0803"
unit_ordered,2,BILL TO: CH2MHILL/Jacobs ATTN: AP,table,False,False,False,True,,column- 2,CINTAS CORPORATION # 042,D E2M4 CONTRACT NO. ACCOUNT NO. STOP SEQ DELIVERY CODE SOIL TKT CNT 18846 15798 3 W102000 R
unit_ordered,2,1 NEUMANN WAY,table,False,False,False,True,,column- 2,CINTAS CORPORATION # 042,042 16 2 15797 SEE ADDRES
unit_ordered,2,,table,False,False,False,True,,column- 2,CINTAS CORPORATION # 042,CONTACT: LINDA POPP TAX CODE 410- 682- 1707 TAX EXEMPT
unit_ordered,2,BILL TO: CH2MHILL/Jacobs ATTN: AP,table,False,False,False,True,,column- 3,CINTAS CORPORATION # 042,042451567 INVOICE DATE 12/18/18
unit_ordered,2,2,table,False,False,False,True,,LINE SOIL NO. CNT,CINTAS CORPORATION # 042,2
unit_ordered,2,5,table,False,False,False,True,,BB,CINTAS CORPORATION # 042,2X3
unit_ordered,2,1,table,False,False,False,True,,ITEM NO.,CINTAS CORPORATION # 042,2477
unit_ordered,2,3,table,False,False,False,True,,ITEM NO.,CINTAS CORPORATION # 042,10192
unit_ordered,2,4,table,False,False,False,True,,ITEM NO.,CINTAS CORPORATION # 042,10202
unit_ordered,2,3,table,False,False,False,True,, ,CINTAS CORPORATION # 042,2
unit_ordered,2,4,table,False,False,False,True,, ,CINTAS CORPORATION # 042,2
unit_ordered,2,3,table,False,False,False,True,,  ,CINTAS CORPORATION # 042,2
unit_ordered,2,4,table,False,False,False,True,,  ,CINTAS CORPORATION # 042,2
unit_ordered,2,,field,True,False,False,False,Date,,Customer: 15797- MIDDLE RIVER AIRCRAFT Si,12- 18- 2018 10 44 AR SinnerzTOM
net_price,15,"CINCINNATI, OH 45215- 1915",table,False,False,False,True,,column- 1,CINTAS CORPORATION # 042,"CINCINNATI, OH 45215- 1915"
net_price,15,BILL TO: CH2MHILL/Jacobs ATTN: AP,table,False,False,False,True,,column- 2,CINTAS CORPORATION # 042,D E2M4 CONTRACT NO. ACCOUNT NO. STOP SEQ DELIVERY CODE SOIL TKT CNT 18846 15798 3 W102000 R
net_price,15,1 NEUMANN WAY,table,False,False,False,True,,column- 2,CINTAS CORPORATION # 042,042 16 2 15797 SEE ADDRES
net_price,15,BILL TO: CH2MHILL/Jacobs ATTN: AP,table,False,False,False,True,,column- 3,CINTAS CORPORATION # 042,042451567 INVOICE DATE 12/18/18
net_price,15,5,table,False,False,False,True,,INVOICE T AMOUNT X,CINTAS CORPORATION # 042,15.80 N
net_price,15,,field,True,False,False,False,Customer,,Customer: 15797- MIDDLE RIVER AIRCRAFT Si,15797- MIDDLE RIVER AIRCRAFT Si
net_price,15,,field,True,False,False,False,Invoice #,,Customer: 15797- MIDDLE RIVER AIRCRAFT Si,451567
unit_price,1.5,5,table,False,False,False,True,,PRICE,CINTAS CORPORATION # 042,1.580
unit_ordered,10,,field,True,False,False,False,SHIP TO,,CINTAS CORPORATION # 042,"MIDDLE RIVER AIRCRAFT SYS 103 CHESAPEAKE PARK PLZ 21220- 4201 MIDDLE RIVER, MD"
unit_ordered,10,,field,True,False,False,False,TERMS,,CINTAS CORPORATION # 042,1/10/19
unit_ordered,10,,field,True,False,False,False,CONTACT,,CINTAS CORPORATION # 042,LINDA POPP 410- 682- 1707
unit_ordered,10,103 CHESAPEAKE PARK PLZ,table,False,False,False,True,,column- 1,CINTAS CORPORATION # 042,103 CHESAPEAKE PARK PLZ
unit_ordered,10,"MIDDLE RIVER, MD 21220- 4201",table,False,False,False,True,,column- 2,CINTAS CORPORATION # 042,410- 633- 6400
unit_ordered,10,BILL TO: CH2MHILL/Jacobs ATTN: AP,table,False,False,False,True,,column- 2,CINTAS CORPORATION # 042,D E2M4 CONTRACT NO. ACCOUNT NO. STOP SEQ DELIVERY CODE SOIL TKT CNT 18846 15798 3 W102000 R
unit_ordered,10,,table,False,False,False,True,,column- 2,CINTAS CORPORATION # 042,CONTACT: LINDA POPP TAX CODE 410- 682- 1707 TAX EXEMPT
unit_ordered,10,1 NEUMANN WAY,table,False,False,False,True,,column- 3,CINTAS CORPORATION # 042,DUE 1/10/19
unit_ordered,10,4,table,False,False,False,True,,BB,CINTAS CORPORATION # 042,3X10
unit_ordered,10,2,table,False,False,False,True,,ITEM NO.,CINTAS CORPORATION # 042,10189
unit_ordered,10,3,table,False,False,False,True,,ITEM NO.,CINTAS CORPORATION # 042,10192
unit_ordered,10,4,table,False,False,False,True,,ITEM NO.,CINTAS CORPORATION # 042,10202
unit_ordered,10,6,table,False,False,False,True,,ITEM NO.,CINTAS CORPORATION # 042,1X 106
unit_ordered,10,2,table,False,False,False,True,, ,CINTAS CORPORATION # 042,10
unit_ordered,10,5,table,False,False,False,True,, ,CINTAS CORPORATION # 042,10
unit_ordered,10,2,table,False,False,False,True,,  ,CINTAS CORPORATION # 042,10
unit_ordered,10,5,table,False,False,False,True,,  ,CINTAS CORPORATION # 042,10
unit_ordered,10,6,table,False,False,False,True,,PRICE,CINTAS CORPORATION # 042,10.000
unit_ordered,10,6,table,False,False,False,True,,INVOICE T AMOUNT X,CINTAS CORPORATION # 042,10.00 N
unit_ordered,10,,field,True,False,False,False,Date,,Customer: 15797- MIDDLE RIVER AIRCRAFT Si,12- 18- 2018 10 44 AR SinnerzTOM
net_price,10,,field,True,False,False,False,SHIP TO,,CINTAS CORPORATION # 042,"MIDDLE RIVER AIRCRAFT SYS 103 CHESAPEAKE PARK PLZ 21220- 4201 MIDDLE RIVER, MD"
net_price,10,,field,True,False,False,False,TERMS,,CINTAS CORPORATION # 042,1/10/19
net_price,10,,field,True,False,False,False,CONTACT,,CINTAS CORPORATION # 042,LINDA POPP 410- 682- 1707
net_price,10,103 CHESAPEAKE PARK PLZ,table,False,False,False,True,,column- 1,CINTAS CORPORATION # 042,103 CHESAPEAKE PARK PLZ
net_price,10,"MIDDLE RIVER, MD 21220- 4201",table,False,False,False,True,,column- 2,CINTAS CORPORATION # 042,410- 633- 6400
net_price,10,BILL TO: CH2MHILL/Jacobs ATTN: AP,table,False,False,False,True,,column- 2,CINTAS CORPORATION # 042,D E2M4 CONTRACT NO. ACCOUNT NO. STOP SEQ DELIVERY CODE SOIL TKT CNT 18846 15798 3 W102000 R
net_price,10,,table,False,False,False,True,,column- 2,CINTAS CORPORATION # 042,CONTACT: LINDA POPP TAX CODE 410- 682- 1707 TAX EXEMPT
net_price,10,1 NEUMANN WAY,table,False,False,False,True,,column- 3,CINTAS CORPORATION # 042,DUE 1/10/19
net_price,10,4,table,False,False,False,True,,BB,CINTAS CORPORATION # 042,3X10
net_price,10,2,table,False,False,False,True,,ITEM NO.,CINTAS CORPORATION # 042,10189
net_price,10,3,table,False,False,False,True,,ITEM NO.,CINTAS CORPORATION # 042,10192
net_price,10,4,table,False,False,False,True,,ITEM NO.,CINTAS CORPORATION # 042,10202
net_price,10,6,table,False,False,False,True,,ITEM NO.,CINTAS CORPORATION # 042,1X 106
net_price,10,2,table,False,False,False,True,, ,CINTAS CORPORATION # 042,10
net_price,10,5,table,False,False,False,True,, ,CINTAS CORPORATION # 042,10
net_price,10,2,table,False,False,False,True,,  ,CINTAS CORPORATION # 042,10
net_price,10,5,table,False,False,False,True,,  ,CINTAS CORPORATION # 042,10
net_price,10,6,table,False,False,False,True,,PRICE,CINTAS CORPORATION # 042,10.000
net_price,10,6,table,False,False,False,True,,INVOICE T AMOUNT X,CINTAS CORPORATION # 042,10.00 N
net_price,10,,field,True,False,False,False,Date,,Customer: 15797- MIDDLE RIVER AIRCRAFT Si,12- 18- 2018 10 44 AR SinnerzTOM
unit_price,10,,field,True,False,False,False,SHIP TO,,CINTAS CORPORATION # 042,"MIDDLE RIVER AIRCRAFT SYS 103 CHESAPEAKE PARK PLZ 21220- 4201 MIDDLE RIVER, MD"
unit_price,10,,field,True,False,False,False,TERMS,,CINTAS CORPORATION # 042,1/10/19
unit_price,10,,field,True,False,False,False,CONTACT,,CINTAS CORPORATION # 042,LINDA POPP 410- 682- 1707
unit_price,10,103 CHESAPEAKE PARK PLZ,table,False,False,False,True,,column- 1,CINTAS CORPORATION # 042,103 CHESAPEAKE PARK PLZ
unit_price,10,"MIDDLE RIVER, MD 21220- 4201",table,False,False,False,True,,column- 2,CINTAS CORPORATION # 042,410- 633- 6400
unit_price,10,BILL TO: CH2MHILL/Jacobs ATTN: AP,table,False,False,False,True,,column- 2,CINTAS CORPORATION # 042,D E2M4 CONTRACT NO. ACCOUNT NO. STOP SEQ DELIVERY CODE SOIL TKT CNT 18846 15798 3 W102000 R
unit_price,10,,table,False,False,False,True,,column- 2,CINTAS CORPORATION # 042,CONTACT: LINDA POPP TAX CODE 410- 682- 1707 TAX EXEMPT
unit_price,10,1 NEUMANN WAY,table,False,False,False,True,,column- 3,CINTAS CORPORATION # 042,DUE 1/10/19
unit_price,10,4,table,False,False,False,True,,BB,CINTAS CORPORATION # 042,3X10
unit_price,10,2,table,False,False,False,True,,ITEM NO.,CINTAS CORPORATION # 042,10189
unit_price,10,3,table,False,False,False,True,,ITEM NO.,CINTAS CORPORATION # 042,10192
unit_price,10,4,table,False,False,False,True,,ITEM NO.,CINTAS CORPORATION # 042,10202
unit_price,10,6,table,False,False,False,True,,ITEM NO.,CINTAS CORPORATION # 042,1X 106
unit_price,10,2,table,False,False,False,True,, ,CINTAS CORPORATION # 042,10
unit_price,10,5,table,False,False,False,True,, ,CINTAS CORPORATION # 042,10
unit_price,10,2,table,False,False,False,True,,  ,CINTAS CORPORATION # 042,10
unit_price,10,5,table,False,False,False,True,,  ,CINTAS CORPORATION # 042,10
unit_price,10,6,table,False,False,False,True,,PRICE,CINTAS CORPORATION # 042,10.000
unit_price,10,6,table,False,False,False,True,,INVOICE T AMOUNT X,CINTAS CORPORATION # 042,10.00 N
unit_price,10,,field,True,False,False,False,Date,,Customer: 15797- MIDDLE RIVER AIRCRAFT Si,12- 18- 2018 10 44 AR SinnerzTOM
description,SERVICE CHARGE,6,table,False,False,False,True,,ITEM DESCRIPTION OR EMPLOYEE NAME,CINTAS CORPORATION # 042,SERVICE CHARGE
tot_amount,640,,sentence,False,False,True,False,,,,640.00
tot_amount,640,,sentence,False,False,True,False,,,,640.00 A
tot_amount,640,,sentence,False,False,True,False,,,,"ITEM TOTAL TAX US$ 640.00 A00e200880092 0% Ohio Tax Exempt, 98000604"
tot_amount,640,,sentence,False,False,True,False,,,,INVOICE AMOUNT US$ 640.00
sold_to,20118,,field,True,False,False,False,AccountNo,,,20118
po_num,AUI000147,,field,True,False,False,False,Purchase Order,,,AUI000147
inv_num,USG1270132,,field,True,False,False,False,Invoice No,,,USG1270132
inv_num,USG1270132,,sentence,False,False,True,False,,,,!# *USG1270132Y102*
order_date,N/A,,field,True,False,False,False,FOLLOWING SERVICES RENDERED FOR,,,MODEL# N/A CALIBRATION SERVICE Workorder 1348532 Notes Onsite calibration 12/20/18 for Scott Combs Travel 2.0hrs x $80.00/hrOnsite 6.0hrs x $80.00/hr SERIAL# N/A
tax_amount,N/A,,field,True,False,False,False,FOLLOWING SERVICES RENDERED FOR,,,MODEL# N/A CALIBRATION SERVICE Workorder 1348532 Notes Onsite calibration 12/20/18 for Scott Combs Travel 2.0hrs x $80.00/hrOnsite 6.0hrs x $80.00/hr SERIAL# N/A
net_price,640,,sentence,False,False,True,False,,,,640.00
net_price,640,,sentence,False,False,True,False,,,,640.00 A
net_price,640,,sentence,False,False,True,False,,,,"ITEM TOTAL TAX US$ 640.00 A00e200880092 0% Ohio Tax Exempt, 98000604"
net_price,640,,sentence,False,False,True,False,,,,INVOICE AMOUNT US$ 640.00
unit_price,640,,sentence,False,False,True,False,,,,640.00
unit_price,640,,sentence,False,False,True,False,,,,640.00 A
unit_price,640,,sentence,False,False,True,False,,,,"ITEM TOTAL TAX US$ 640.00 A00e200880092 0% Ohio Tax Exempt, 98000604"
unit_price,640,,sentence,False,False,True,False,,,,INVOICE AMOUNT US$ 640.00
unit_ordered,1,,sentence,False,False,True,False,,,WORLDWIDE TERMS AND CONDITIONS OF SALE,"1. PRODUCTS AND PARTIES As used in these Worldwide Terms and Conditions of Sale (these ""Terms""), ""Product(s)"" means the hardware,"
unit_ordered,1,,paragraph,False,True,False,False,,,EQUIVALENTS IN ANY JURISDICTION.,"an opportunity to return the Product for refund of the purchase price paid less a reasonable allowance for use. Tektronix shall have no liability to Customer for claims of infringement based upon 1) the use of any Product in a manner other than that for which it is intended or in combination with any product not supplied by Tektronix or 2) the use of any Product designed, manufactured, or modified to the specifications of Customer. The foregoing states the entire obligation and liability of Tektronix with respect to infringement and claims thereof."
unit_ordered,1,,sentence,False,False,True,False,,,EQUIVALENTS IN ANY JURISDICTION.,13. INFRINGEMENT
unit_ordered,1,,sentence,False,False,True,False,,,EQUIVALENTS IN ANY JURISDICTION.,"provided, that 1) Customer notifies Tektronix promptly in writing of the claim, 2) Tektronix is permitted to non00e200880092infringing, control settlement 1) procure the at for defense Tektronix00e200800099s Customer 3) replace or settlement the expense. the right Product of to In the continue its with claim, defense a using comparable and or 3) the settlement Customer Product, product of cooperates 2) any not modify claim, subject reasonably the Tektronix to Product the claim, in so may, such that or in 4) its defense its provide use sole becomes or discretion, Customer"
unit_ordered,1,,sentence,False,False,True,False,,,EQUIVALENTS IN ANY JURISDICTION.,14. LIMITATION OF LIABILITY
unit_ordered,1,,sentence,False,False,True,False,,,EQUIVALENTS IN ANY JURISDICTION.,15. WAIVER The provision failure or of the either right party thereafter to enforce to enforce any provision each and of every these provision. Terms shall not be consTrued as a waiver of such
unit_ordered,1,,sentence,False,False,True,False,,,EQUIVALENTS IN ANY JURISDICTION.,"16. ASSIGNMENT Customer may not assign or otherwise transfer its rights or obligations under these Terms without the prior written consent of Tektronix, and any attempt to do so shall be void."
unit_ordered,1,,sentence,False,False,True,False,,,EQUIVALENTS IN ANY JURISDICTION.,"17. ATTORNEY00e200800099S FEES Tektronix shall be entitled to recover its reasonable costs and attorneys00e200800099 fees, both at trial and on appeal, in any litigation based on these Terms in which Tektronix is the prevailing party."
unit_ordered,1,,sentence,False,False,True,False,,,EQUIVALENTS IN ANY JURISDICTION.,18. GOVERNING LAW
unit_ordered,1,,sentence,False,False,True,False,,,EQUIVALENTS IN ANY JURISDICTION.,19. ENTIRE AGREEMENT
unit_ordered,1,,sentence,False,False,True,False,,,EQUIVALENTS IN ANY JURISDICTION.,Rev. 19 MAR 2008
unit_ordered,1,,paragraph,False,True,False,False,,,,"Upon each shipment, Tektronix will issue an invoice to the Customer. Payment terms and currency of payment are as stated on the face of the quotation, acknowledgement, pro forma or invoice issued by Tektronix to which these Terms are attached. Customer shall not be entitled to make any deduction in respect of any set00e200880092off or counter claim. For Products other than software shipped to a location in the United States, Tektronix shall hold a security interest in such Products until receipt of full payment. For Products other than software shipped to a location outside of the United States, if Customer is past due on payment for any such Product, Tektronix shall have the right to take possession of that Product and sell it, applying the proceeds of any sale to the balance due on the Product. Without prejudice to its other rights hereunder, Tektronix may charge interest at the lesser of 1.5% per month or the maximum amount allowed by applicable law on any balance outstanding after the payment due date, such interest accruing on a daily basis. Tektronix may change its credit terms and/or suspend its performance when, in the opinion of Tektronix, Customer00e200800099s financial condition or record of payment so warrants. Customer agrees to pay any third00e200880092party collection expenses, including attorney00e200800099s fees, incurred by Tektronix to collect any past00e200880092due amounts."
unit_ordered,1,,sentence,False,False,True,False,,,,"and the Product is undamaged and in new condition upon receipt by Tektronix. Products properly returned will be replacement subject to payment parts, which of a restocking are subject fee to equal a restocking to 15% charge of the price in the of currency the returned of payment Product, equal except to U.S for returns . $100 for of each separate shipment from Tektronix returned by the Customer to Tektronix."
unit_ordered,1,,sentence,False,False,True,False,,,,10. USE OF RECONDITIONED MATERIAL
unit_ordered,1,,sentence,False,False,True,False,,,,11. EXPORT RESTRICTIONS
unit_ordered,1,,sentence,False,False,True,False,,,,12. WARRANTY
unit_ordered,1,,field,True,False,False,False,Invoice No,,,USG1270132
unit_ordered,1,,field,True,False,False,False,Invoice Date,,,26Dec18
unit_ordered,1,,field,True,False,False,False,AccountNo,,,20118
unit_ordered,1,,field,True,False,False,False,Page,,,1of
unit_ordered,1,,field,True,False,False,False,Service Req #,,,1007860
unit_ordered,1,,field,True,False,False,False,Purchase Order,,,AUI000147
unit_ordered,1,,field,True,False,False,False,SHIP TO,,,"Unison Industries Beavercreek, OH 45301 SCOTT COMBS 530 S Orchard Road"
unit_ordered,1,,field,True,False,False,False,BILL TO,,,"Jacobs 1880 Waycross Rd Cincinnati, OH 45240"
unit_ordered,1,,field,True,False,False,False,FOLLOWING SERVICES RENDERED FOR,,,MODEL# N/A CALIBRATION SERVICE Workorder 1348532 Notes Onsite calibration 12/20/18 for Scott Combs Travel 2.0hrs x $80.00/hrOnsite 6.0hrs x $80.00/hr SERIAL# N/A
unit_ordered,1,,field,True,False,False,False,Workorder,,,1348532
unit_ordered,1,,field,True,False,False,False,Notes,,,Onsite calibration 12/20/18 for Scott
unit_ordered,1,,field,True,False,False,False,PAYMENT TERMS,,,3.5%15 Net 120
unit_ordered,1,,field,True,False,False,False,Due Date,,,25Apr19
unit_ordered,1,,field,True,False,False,False,Discounted Amt. Due,,,US$ 617.60
unit_ordered,1,,field,True,False,False,False,If paid by,,,10Jan19
unit_ordered,1,,field,True,False,False,False,Remit to,,,"Tektronix Inc ACH Routing # 121000358 (CTX Preferred) Acct# 1233119002 Domestic Check 7416 Collection Center Drive Wire ABA 026009593 BOFAUS3N Acct# 1233119002 Chicago, IL 60693"
unit_ordered,1,,field,True,False,False,False,Wire,,,ABA 026009593 BOFAUS3N Acct# 1233119002
unit_ordered,1,,field,True,False,False,False,Domestic Check,,,"7416 Collection Center Drive Chicago, IL 60693"
unit_ordered,1,PAYMENT TERMS:,table,False,False,False,True,,column- 2,,3.5%15 Net 120 Due Date:
unit_ordered,1,Discounted Amt. Due:,table,False,False,False,True,,column- 2,,US$ 617.60 If paid by:
unit_ordered,1,Remit to:,table,False,False,False,True,,column- 2,,"Tektronix Inc ACH Routing # 121000358 (CTX Preferred) Acct# 1233100e20088009219002 Wire: ABA 026009593 BOFAUS3N Acct# 1233100e20088009219002 Domestic Check: 7416 Collection Center Drive Chicago, IL 60693"
unit_ordered,1,PAYMENT TERMS:,table,False,False,False,True,,column- 3,,2500e200880092Apr00e20088009219
unit_ordered,1,Discounted Amt. Due:,table,False,False,False,True,,column- 3,,1000e200880092Jan00e20088009219
unit_ordered,1,,sentence,False,False,True,False,,,,!# *USG1270132Y102*
unit_ordered,1,,sentence,False,False,True,False,,,,1
unit_ordered,1,,sentence,False,False,True,False,,,,1
unit_ordered,1,,sentence,False,False,True,False,,,,"We accept Visa,MC or AMEX creditcards@tektronix.com OR This document is subject to and limited to the terms and conditions contained in this document and the Tektronix general terms and conditions for Contact 100e200880092800 00e200880092833 00e2008800929200 service following on a separate page. In case of conflict, the order of precedence will be 1) terms appearing in this document and 2) the terms Press Option 4 and conditions of the Tektronix general terms and conditions for service."
unit_ordered,1,,sentence,False,False,True,False,,,,mfgomprd00e200880092102
tot_amount,110.25,,field,True,False,False,False,Subtotal,,,110.25
tot_amount,110.25,,field,True,False,False,False,By,,,Total This Invoice 110.25
tot_amount,110.25,,field,True,False,False,False,By Total This Invoice,,,110.25
tot_amount,110.25,,field,True,False,False,False,Total This Invoice,,,110.25
tot_amount,110.25,110.25,table,False,False,False,True,,Service Report No. SR- 678333 Contact:,,110.25
tot_amount,110.25,110.25,table,False,False,False,True,,,,110.25
tot_amount,110.25,By:,table,False,False,False,True,,column- 3,,110.25
sold_to,195010011,,field,True,False,False,False,Customer ID,,,"195010011 GE Aviation CH2M 3024 Symmes Road Hamilton, OH 45015 USA"
inv_num,AES001118,,field,True,False,False,False,Customer PO No.,,,AES001118 Contact Quote No. Phone No.
order_date,12/17/18,,field,True,False,False,False,Date of Service,,,12/17/18
order_date,12/17/18,Serial No.,table,False,False,False,True,,: E092675,,: 12/17/18
net_price,106.25,Planned Maintenance,table,False,False,False,True,,column- 4,,106.25
net_price,106.25,Planned Maintenance,table,False,False,False,True,,column- 5,,106.25
unit_price,106.25,Planned Maintenance,table,False,False,False,True,,column- 4,,106.25
unit_price,106.25,Planned Maintenance,table,False,False,False,True,,column- 5,,106.25
unit_ordered,1,,field,True,False,False,False,Page,,,1
unit_ordered,1,,field,True,False,False,False,f@W26ZEW4a3]6g9W#,,,S1640811
unit_ordered,1,,field,True,False,False,False,Invoice No.,,,S1640811
unit_ordered,1,,field,True,False,False,False,Bill- to,,,"CH2M HILL Attention Accounts Payable 1800 Waycross Road Cincinnati, OH 45240 USA"
unit_ordered,1,,field,True,False,False,False,Customer ID,,,195010004
unit_ordered,1,,field,True,False,False,False,Customer ID,,,"195010011 GE Aviation CH2M 3024 Symmes Road Hamilton, OH 45015 USA"
unit_ordered,1,,field,True,False,False,False,Customer PO No.,,,AES001118 Contact Quote No. Phone No.
unit_ordered,1,,field,True,False,False,False,Hours,,,1
unit_ordered,1,,field,True,False,False,False,Date of Service,,,12/17/18
unit_ordered,1,,field,True,False,False,False,Subtotal,,,110.25
unit_ordered,1,,field,True,False,False,False,By,,,Total This Invoice 110.25
unit_ordered,1,,field,True,False,False,False,By Total This Invoice,,,110.25
unit_ordered,1,,field,True,False,False,False,Total This Invoice,,,110.25
unit_ordered,1,12001 Plantside Drive,table,False,False,False,True,,Louisville,,12001 Plantside Drive
unit_ordered,1,124 Westhampton Drive,table,False,False,False,True,,Louisville,,124 Westhampton Drive
unit_ordered,1,"Lexington, KY 40511",table,False,False,False,True,,Louisville,,"Lexington, KY 40511"
unit_ordered,1,"Invoice Date: December 26, 2018",table,False,False,False,True,,Louisville,,"Invoice Date: December 26, 2018"
unit_ordered,1,12001 Plantside Drive,table,False,False,False,True,,Cincinnati Indianapolis,,9890 Charter Park Drive 1888 Research W ay
unit_ordered,1,"Louisville, KY 40299",table,False,False,False,True,,Cincinnati Indianapolis,,"West Chester, OH 45069 Indianapolis, IN 46231"
unit_ordered,1,Ph(502)267- 2565/Fax(502)267- 2575,table,False,False,False,True,,Cincinnati Indianapolis,,Ph(513)779- 7500/Fax(513)779- 1564 Ph(317)244- 8724/Fax(317)247- 0573
unit_ordered,1,Ph(859)253- 3424/Fax(859)254- 0439,table,False,False,False,True,,Cincinnati Indianapolis,,Ph(937)237- 0976/Fax(937)237- 0978 Ph(812)867- 0186/Fax(812)867- 1688 Service Invoice
unit_ordered,1,124 Westhampton Drive,table,False,False,False,True,,,,US 219/250
unit_ordered,1,Ph(859)253- 3424/Fax(859)254- 0439,table,False,False,False,True,,,,Ph(304)338- 2367/Fax(304)338- 2492 Page: 1
unit_ordered,1,"Invoice Date: December 26, 2018",table,False,False,False,True,,,,Invoice No.: S1640811
unit_ordered,1,Description,table,False,False,False,True,,: E092675,,: 1
unit_ordered,1,Serial No.,table,False,False,False,True,,: E092675,,: 12/17/18
unit_ordered,1,Planned Maintenance,table,False,False,False,True,,column- 2,,1
unit_ordered,1,Supplies/Environ,table,False,False,False,True,,column- 2,,1
unit_ordered,1,Planned Maintenance,table,False,False,False,True,,column- 3,,1
unit_ordered,1,Supplies/Environ,table,False,False,False,True,,column- 3,,1
unit_ordered,1,Planned Maintenance,table,False,False,False,True,,column- 4,,106.25
unit_ordered,1,Planned Maintenance,table,False,False,False,True,,column- 5,,106.25
unit_ordered,1,110.25,table,False,False,False,True,,Service Report No. SR- 678333 Contact:,,110.25
unit_ordered,1,110.25,table,False,False,False,True,,,,110.25
unit_ordered,1,By:,table,False,False,False,True,,column- 3,,110.25
unit_ordered,1,,sentence,False,False,True,False,,,,"12001 Plantside Dr. Louisville, KY 40299"
unit_ordered,1,,sentence,False,False,True,False,,,,Report 91020
net_price,4,,field,True,False,False,False,f@W26ZEW4a3]6g9W#,,,S1640811
net_price,4,,field,True,False,False,False,Invoice No.,,,S1640811
net_price,4,,field,True,False,False,False,Bill- to,,,"CH2M HILL Attention Accounts Payable 1800 Waycross Road Cincinnati, OH 45240 USA"
net_price,4,,field,True,False,False,False,Customer ID,,,195010004
net_price,4,,field,True,False,False,False,Customer ID,,,"195010011 GE Aviation CH2M 3024 Symmes Road Hamilton, OH 45015 USA"
net_price,4,,field,True,False,False,False,Serial No.,,,4397
net_price,4,"Louisville, KY 40299",table,False,False,False,True,,Louisville,,"Louisville, KY 40299"
net_price,4,124 Westhampton Drive,table,False,False,False,True,,Louisville,,124 Westhampton Drive
net_price,4,"Lexington, KY 40511",table,False,False,False,True,,Louisville,,"Lexington, KY 40511"
net_price,4,Ph(859)253- 3424/Fax(859)254- 0439,table,False,False,False,True,,Louisville,,Ph(859)253- 3424/Fax(859)254- 0439
net_price,4,"Louisville, KY 40299",table,False,False,False,True,,Cincinnati Indianapolis,,"West Chester, OH 45069 Indianapolis, IN 46231"
net_price,4,Ph(502)267- 2565/Fax(502)267- 2575,table,False,False,False,True,,Cincinnati Indianapolis,,Ph(513)779- 7500/Fax(513)779- 1564 Ph(317)244- 8724/Fax(317)247- 0573
net_price,4,124 Westhampton Drive,table,False,False,False,True,,Cincinnati Indianapolis,,6254 Executive Blvd. 5500 Foundation Blvd.
net_price,4,"Lexington, KY 40511",table,False,False,False,True,,Cincinnati Indianapolis,,"Dayton, OH 45424 Evansville, IN 47725"
net_price,4,"Invoice Date: December 26, 2018",table,False,False,False,True,,Cincinnati Indianapolis,,>f@W2`6ZEW4a3]6g9W#
net_price,4,Ph(859)253- 3424/Fax(859)254- 0439,table,False,False,False,True,,,,Ph(304)338- 2367/Fax(304)338- 2492 Page: 1
net_price,4,"Invoice Date: December 26, 2018",table,False,False,False,True,,,,Invoice No.: S1640811
net_price,4,Serial No.,table,False,False,False,True,,: GENIE,,: 4397
net_price,4,Supplies/Environ,table,False,False,False,True,,column- 4,,4.00
net_price,4,Supplies/Environ,table,False,False,False,True,,column- 5,,4.00
net_price,4,,sentence,False,False,True,False,,,,"12001 Plantside Dr. Louisville, KY 40299"
unit_price,4,,field,True,False,False,False,f@W26ZEW4a3]6g9W#,,,S1640811
unit_price,4,,field,True,False,False,False,Invoice No.,,,S1640811
unit_price,4,,field,True,False,False,False,Bill- to,,,"CH2M HILL Attention Accounts Payable 1800 Waycross Road Cincinnati, OH 45240 USA"
unit_price,4,,field,True,False,False,False,Customer ID,,,195010004
unit_price,4,,field,True,False,False,False,Customer ID,,,"195010011 GE Aviation CH2M 3024 Symmes Road Hamilton, OH 45015 USA"
unit_price,4,,field,True,False,False,False,Serial No.,,,4397
unit_price,4,"Louisville, KY 40299",table,False,False,False,True,,Louisville,,"Louisville, KY 40299"
unit_price,4,124 Westhampton Drive,table,False,False,False,True,,Louisville,,124 Westhampton Drive
unit_price,4,"Lexington, KY 40511",table,False,False,False,True,,Louisville,,"Lexington, KY 40511"
unit_price,4,Ph(859)253- 3424/Fax(859)254- 0439,table,False,False,False,True,,Louisville,,Ph(859)253- 3424/Fax(859)254- 0439
unit_price,4,"Louisville, KY 40299",table,False,False,False,True,,Cincinnati Indianapolis,,"West Chester, OH 45069 Indianapolis, IN 46231"
unit_price,4,Ph(502)267- 2565/Fax(502)267- 2575,table,False,False,False,True,,Cincinnati Indianapolis,,Ph(513)779- 7500/Fax(513)779- 1564 Ph(317)244- 8724/Fax(317)247- 0573
unit_price,4,124 Westhampton Drive,table,False,False,False,True,,Cincinnati Indianapolis,,6254 Executive Blvd. 5500 Foundation Blvd.
unit_price,4,"Lexington, KY 40511",table,False,False,False,True,,Cincinnati Indianapolis,,"Dayton, OH 45424 Evansville, IN 47725"
unit_price,4,"Invoice Date: December 26, 2018",table,False,False,False,True,,Cincinnati Indianapolis,,>f@W2`6ZEW4a3]6g9W#
unit_price,4,Ph(859)253- 3424/Fax(859)254- 0439,table,False,False,False,True,,,,Ph(304)338- 2367/Fax(304)338- 2492 Page: 1
unit_price,4,"Invoice Date: December 26, 2018",table,False,False,False,True,,,,Invoice No.: S1640811
unit_price,4,Serial No.,table,False,False,False,True,,: GENIE,,: 4397
unit_price,4,Supplies/Environ,table,False,False,False,True,,column- 4,,4.00
unit_price,4,Supplies/Environ,table,False,False,False,True,,column- 5,,4.00
unit_price,4,,sentence,False,False,True,False,,,,"12001 Plantside Dr. Louisville, KY 40299"
unit_ordered,1,,field,True,False,False,False,Page,,,1
unit_ordered,1,,field,True,False,False,False,f@W26ZEW4a3]6g9W#,,,S1640811
unit_ordered,1,,field,True,False,False,False,Invoice No.,,,S1640811
unit_ordered,1,,field,True,False,False,False,Bill- to,,,"CH2M HILL Attention Accounts Payable 1800 Waycross Road Cincinnati, OH 45240 USA"
unit_ordered,1,,field,True,False,False,False,Customer ID,,,195010004
unit_ordered,1,,field,True,False,False,False,Customer ID,,,"195010011 GE Aviation CH2M 3024 Symmes Road Hamilton, OH 45015 USA"
unit_ordered,1,,field,True,False,False,False,Customer PO No.,,,AES001118 Contact Quote No. Phone No.
unit_ordered,1,,field,True,False,False,False,Hours,,,1
unit_ordered,1,,field,True,False,False,False,Date of Service,,,12/17/18
unit_ordered,1,,field,True,False,False,False,Subtotal,,,110.25
unit_ordered,1,,field,True,False,False,False,By,,,Total This Invoice 110.25
unit_ordered,1,,field,True,False,False,False,By Total This Invoice,,,110.25
unit_ordered,1,,field,True,False,False,False,Total This Invoice,,,110.25
unit_ordered,1,12001 Plantside Drive,table,False,False,False,True,,Louisville,,12001 Plantside Drive
unit_ordered,1,124 Westhampton Drive,table,False,False,False,True,,Louisville,,124 Westhampton Drive
unit_ordered,1,"Lexington, KY 40511",table,False,False,False,True,,Louisville,,"Lexington, KY 40511"
unit_ordered,1,"Invoice Date: December 26, 2018",table,False,False,False,True,,Louisville,,"Invoice Date: December 26, 2018"
unit_ordered,1,12001 Plantside Drive,table,False,False,False,True,,Cincinnati Indianapolis,,9890 Charter Park Drive 1888 Research W ay
unit_ordered,1,"Louisville, KY 40299",table,False,False,False,True,,Cincinnati Indianapolis,,"West Chester, OH 45069 Indianapolis, IN 46231"
unit_ordered,1,Ph(502)267- 2565/Fax(502)267- 2575,table,False,False,False,True,,Cincinnati Indianapolis,,Ph(513)779- 7500/Fax(513)779- 1564 Ph(317)244- 8724/Fax(317)247- 0573
unit_ordered,1,Ph(859)253- 3424/Fax(859)254- 0439,table,False,False,False,True,,Cincinnati Indianapolis,,Ph(937)237- 0976/Fax(937)237- 0978 Ph(812)867- 0186/Fax(812)867- 1688 Service Invoice
unit_ordered,1,124 Westhampton Drive,table,False,False,False,True,,,,US 219/250
unit_ordered,1,Ph(859)253- 3424/Fax(859)254- 0439,table,False,False,False,True,,,,Ph(304)338- 2367/Fax(304)338- 2492 Page: 1
unit_ordered,1,"Invoice Date: December 26, 2018",table,False,False,False,True,,,,Invoice No.: S1640811
unit_ordered,1,Description,table,False,False,False,True,,: E092675,,: 1
unit_ordered,1,Serial No.,table,False,False,False,True,,: E092675,,: 12/17/18
unit_ordered,1,Planned Maintenance,table,False,False,False,True,,column- 2,,1
unit_ordered,1,Supplies/Environ,table,False,False,False,True,,column- 2,,1
unit_ordered,1,Planned Maintenance,table,False,False,False,True,,column- 3,,1
unit_ordered,1,Supplies/Environ,table,False,False,False,True,,column- 3,,1
unit_ordered,1,Planned Maintenance,table,False,False,False,True,,column- 4,,106.25
unit_ordered,1,Planned Maintenance,table,False,False,False,True,,column- 5,,106.25
unit_ordered,1,110.25,table,False,False,False,True,,Service Report No. SR- 678333 Contact:,,110.25
unit_ordered,1,110.25,table,False,False,False,True,,,,110.25
unit_ordered,1,By:,table,False,False,False,True,,column- 3,,110.25
unit_ordered,1,,sentence,False,False,True,False,,,,"12001 Plantside Dr. Louisville, KY 40299"
unit_ordered,1,,sentence,False,False,True,False,,,,Report 91020
description,Supplies/Environ,Supplies/Environ,table,False,False,False,True,,column- 1,,Supplies/Environ
